0	112.0	464.0	102.19644	464.24612
8	104.0	547.0	105.11194	584.92474
34	44.14285714285714	656.7142857142858	92.86802	646.90204
39	52.00000000000001	712.6666666666667	60.379578	675.8368
41	52.00000000000001	711.3333333333334	51.596325	676.10376
50	141.66666666666669	731.0000000000001	102.70432	706.5144
52	155.0	730.0	109.70396	710.7467
86	89.0	226.0	77.950066	254.82599
93	124.0	225.0	130.21109	243.53497
107	134.85714285714286	348.57142857142856	98.2414	455.16095
128	181.0	207.0	236.34248	296.78772
134	279.0	203.0	265.63733	239.62903
136	284.0	204.0	288.9098	226.90143
146	248.0	265.0	237.29729	249.41211
151	213.00000000000003	243.0	215.36073	279.1398
203	244.0	706.0	271.2053	700.7897
216	290.5	647.0	302.3355	625.86487
218	272.6666666666667	643.0000000000001	290.31104	611.38074
236	344.0	545.0	288.1799	536.5198
258	328.0	462.0	305.6267	448.0628
263	266.5	503.0	263.24377	486.5964
267	258.0	487.0	266.8626	473.10138
268	261.0	476.0	264.96524	469.11844
288	184.0	485.0	171.81502	449.42056
308	147.0	613.0	111.93685	652.657
313	150.0	617.0	140.47678	628.82874
319	125.0	615.0	117.79088	640.7754
326	102.0	645.0	110.89326	638.753
332	101.0	717.0	74.49066	659.10785
335	74.0	721.0	106.36731	702.3386
338	42.0	685.0	79.19277	684.1185
340	41.0	637.0	80.35771	638.74774
346	50.0	474.0	70.10245	481.65143
348	62.99999999999999	443.0000000000001	84.41555	389.72595
353	71.0	389.0	79.66022	324.73645
359	78.0	330.0	78.383	325.13138
374	112.0	225.0	122.26733	251.15598
376	134.0	252.0	156.90182	266.8238
386	175.0	213.0	189.12144	281.56024
394	289.0	217.0	284.60175	224.03033
399	223.00000000000003	245.0	247.97258	241.70999
404	198.0	293.0	210.7383	298.54327
405	211.99999999999997	293.0	204.69626	288.69415
426	259.0000000000001	618.0000000000001	323.52573	643.3194
450	332.0	625.0	332.937	629.27155
454	305.0	581.0	276.05084	606.0719
458	266.0	525.0	261.15448	577.6117
468	97.0	505.0	83.29533	511.01813
470	104.0	519.0	73.45649	525.961
484	138.0	559.0	132.9815	529.8178
489	146.0	622.0	139.95338	624.83215
493	127.6	631.4000000000001	109.58091	702.29395
498	114.0	620.0	98.76227	622.66223
515	85.0	461.0	84.942696	275.67194
519	86.0	337.0	93.90246	261.89355
565	124.5	461.0	85.53387	469.79422
616	236.25	545.75	255.67381	524.778
635	255.0	519.0	314.26215	629.38837
640	277.33333333333337	557.6666666666667	263.16028	534.2
649	270.0	625.0	255.6641	569.3506
658	248.6	663.4	255.93343	658.5109
697	285.75	502.49999999999994	277.0562	480.97723
701	311.0	495.0	266.102	484.52863
702	317.0	491.0	299.22113	474.94406
711	282.6666666666667	488.0000000000001	300.46808	452.07556
716	186.0	429.0	190.1288	467.0993
729	125.0	539.0	112.18652	522.963
730	125.0	539.0	132.57887	484.48187
749	98.0	493.0	97.38244	469.31168
753	104.0	426.0	90.38015	456.23032
754	104.0	419.0	82.46476	473.2908
775	228.0	301.0	232.52682	310.21915
785	259.0	429.0	252.1867	415.84616
792	196.0	493.0	243.7106	378.91788
804	31.0	547.0	53.669456	539.8091
819	78.0	540.0	66.45162	536.09424
826	195.0	480.99999999999994	149.20895	463.87717
843	198.33333333333334	251.33333333333337	199.20236	283.862
860	171.0	321.0	209.07404	304.76147
861	176.0	353.0	208.97633	324.55096
863	169.0	350.0	216.72449	339.42252
887	77.0	419.0	90.235855	418.42386
888	77.0	433.0	91.39012	420.6756
908	256.0	536.0	244.57938	509.055
915	308.0	577.0	280.72607	611.2383
916	329.0	614.0	312.89944	672.6929
924	291.0	699.0	287.68497	707.79626
928	233.00000000000003	727.0	258.873	698.60724
934	357.0	646.0	325.87766	677.2077
942	347.28571428571433	601.1428571428571	285.1946	590.79675
961	205.0	345.0	213.66551	320.9679
973	84.0	583.0	66.69775	518.875
988	103.0	677.0	110.65904	708.97864
999	102.0	443.0	112.25422	466.911
1002	100.0	418.0	90.941605	452.41174
1005	114.0	375.0	98.969864	432.40887
1021	87.0	452.5	69.36325	486.35327
1036	244.0	547.0	258.6391	516.03674
1040	290.0	570.0	291.6276	559.9458
1045	336.0	644.0	282.4365	704.3964
1067	330.00000000000006	628.3333333333334	329.34195	627.95337
1083	296.0	550.0	302.30255	500.06516
1086	291.0	471.0	259.48706	438.11087
1088	297.0	459.0	267.90918	412.81445
1089	294.0	433.0	267.25238	420.79028
1091	289.0	375.0	262.93832	391.28986
1093	288.0	334.0	256.28125	349.86487
1124	184.5	287.5	197.84708	295.37656
1126	175.0	313.0	176.43132	290.54016
1128	134.0	311.0	162.73048	289.76294
1132	78.0	281.0	69.03378	250.50107
1150	234.0	463.0	251.3729	394.96555
1151	235.0	465.5	257.81958	433.0022
1153	246.0	491.0	256.6064	470.9883
1156	271.0	527.0	256.58185	484.22357
1160	330.0	539.0	264.85382	555.66113
1168	182.0	504.0	218.97343	499.13293
1186	57.0	662.0	55.744057	691.9029
1193	102.0	723.0	87.15592	713.746
1207	128.0	602.0	109.39209	602.0906
1210	103.0	611.0	100.07788	601.5702
1213	70.0	578.0	95.192635	584.6924
1216	35.0	471.99999999999994	81.190865	513.954
1221	70.5	471.75	99.359825	442.53488
1223	73.5	477.25	113.35143	500.9339
1224	75.0	480.0	101.155396	490.34662
1230	136.5	451.5	175.78352	508.04947
1233	168.0	484.0	143.9617	455.23254
1256	78.5	578.5	76.57081	590.9556
1259	62.0	643.0	51.664875	639.51117
1263	71.0	693.5	57.12725	696.1872
1270	108.5	675.0	97.647095	700.1059
1273	126.00000000000001	635.0	108.29404	705.0988
1277	62.99999999999999	584.5	75.78611	656.939
1278	61.0	574.0	74.94882	625.55383
1279	57.99999999999999	547.0	78.28694	616.50574
1293	82.0	321.0	82.73786	433.1947
1294	81.0	291.0	84.23844	376.45435
1302	121.00000000000001	216.0	144.59225	270.44507
1315	216.0	219.0	209.59238	228.2445
1316	228.0	220.0	239.43465	229.06299
1325	298.0	254.0	294.318	232.21078
1326	282.0	255.0	287.65457	234.17807
1349	293.0	535.0	261.7911	491.90662
1355	326.0	608.6666666666667	294.35294	630.86804
1380	127.0	463.0	129.17377	446.26395
1402	223.00000000000003	463.0	239.27481	429.19977
1410	157.0	475.0	151.13797	488.15634
1424	117.375	267.5	128.0442	261.81705
1435	209.0	330.0	189.70029	306.88965
1447	38.5	469.5	91.24177	502.00836
1449	28.0	510.0	92.52031	548.2021
1465	29.0	617.0	71.54877	655.04553
1488	247.0	393.0	239.8672	359.42902
1509	67.0	331.0	79.93556	233.47617
1514	66.0	423.0	72.62474	394.08743
1517	89.0	431.0	68.32099	417.26733
1525	142.0	478.0	148.6333	497.79977
1538	230.0	574.0	252.28004	546.15656
1541	221.99999999999997	581.0	249.27573	600.6793
1546	282.0	562.0	261.63672	587.6953
1585	62.99999999999999	314.0	78.20204	331.29517
1595	35.0	517.0	78.599174	586.8551
1596	48.0	533.0	70.571594	612.4539
1613	144.0	427.0	141.7457	451.11832
1624	67.0	373.0	106.91547	324.27948
1634	64.14285714285714	242.85714285714283	73.74921	238.95645
1640	79.0	296.0	86.558876	310.049
1642	64.0	204.0	87.007866	330.84653
1666	254.0	443.0	255.60611	473.13382
1677	303.0	580.0	262.0819	604.99365
1700	274.0	567.0	305.27957	573.2734
1712	269.75	327.5	252.95747	351.93335
1717	269.0	315.0	259.32172	317.6848
1718	171.0	298.0	229.98543	299.00385
1727	293.0	227.0	250.00449	241.70412
1729	335.0	240.0	286.45654	225.93385
1741	189.0	274.0	190.09557	302.02695
1755	160.0	383.0	132.13843	369.7973
1776	43.0	697.0	64.4742	704.0041
1777	50.0	724.0	76.89079	709.77814
1798	99.0	580.0	93.66851	567.21985
1801	91.0	617.0	95.289116	592.90894
1807	77.66666666666667	709.6666666666667	45.666245	680.10364
1808	78.33333333333334	704.3333333333335	52.43852	698.8952
1813	76.0	579.0	80.16285	558.66187
1821	82.0	431.0	86.185936	458.79733
1826	110.0	264.0	108.35019	292.38693
1851	79.0	209.5	71.40238	228.53433
1874	219.0	504.0	253.45102	475.612
1875	229.0	506.0	255.35503	502.29623
1879	220.99999999999997	547.0	254.31766	528.93976
1881	229.0	556.0	250.06161	546.2796
1898	342.0	675.0	329.8508	638.85046
1904	255.0	704.0	266.18027	694.96594
1910	320.0	735.0	298.74973	707.8153
1911	332.0	739.0	303.9562	707.3593
1916	344.0	671.0	316.90945	640.97546
1922	311.0	581.0	292.6098	577.16943
1929	290.0	483.0	262.1818	445.13663
1941	200.99999999999997	239.0	207.96243	287.36273
1944	195.0	287.0	211.93082	305.15253
1949	196.0	296.0	189.5543	322.20703
1952	185.0	327.0	138.76096	331.51917
1954	161.0	357.0	87.704315	348.2666
1959	151.0	471.0	118.558876	476.62976
1982	162.0	651.0	110.715805	640.2589
1995	144.0	523.0	103.1642	486.84943
1996	155.0	519.0	113.134094	503.29688
1997	179.57142857142856	514.7142857142858	164.27776	449.94574
2002	311.0	500.0	271.15747	468.81525
2009	337.0	495.0	312.37265	514.6046
2015	375.0	351.0	302.10114	462.2631
2021	298.0	478.0	287.76663	465.92902
2053	255.0	609.0	257.36072	623.83606
2062	150.0	346.0	183.5208	303.97537
2070	168.0	277.0	230.19598	381.79742
2072	210.99999999999997	244.0	224.79147	326.46298
2081	109.0	467.0	117.54513	471.4135
2084	126.00000000000001	467.0	165.67259	465.1093
2087	189.0	486.0	239.56558	437.81918
2131	62.99999999999999	365.0	72.63469	371.0435
2140	51.0	569.0	99.4014	587.1623
2144	42.0	646.0	80.38806	643.29095
2159	95.0	595.0	93.24746	596.8695
2163	88.0	517.0	81.19519	485.33624
2177	159.0	305.0	138.79976	280.42813
2183	271.0	379.0	217.31413	363.24512
2186	277.0	440.0	250.94926	414.9198
2192	223.00000000000003	568.0	279.14883	582.86633
2197	332.0	599.0	323.60904	616.1571
2208	260.0	451.0	238.5334	425.43796
2216	194.0	282.0	120.45397	249.5264
2228	38.0	454.0	99.141136	437.29953
2271	73.0	536.0	129.98322	563.273
2274	97.0	483.0	106.08373	486.45688
2281	143.0	360.0	110.601036	288.9213
2292	174.0	485.0	204.50488	470.3088
2295	109.0	491.0	130.90643	459.77646
2307	77.5	181.5	113.60613	250.25894
2326	272.0	415.0	254.64293	450.918
2358	115.0	361.0	74.54948	441.63422
2364	131.0	203.0	96.50477	240.33366
2367	195.0	280.0	166.32538	363.3115
2372	107.0	672.0	99.259636	602.35895
2384	55.0	399.0	82.8303	436.53677
2407	258.0	255.0	241.41312	289.0447
2412	311.0	210.0	300.9323	222.17094
2434	346.0	716.0	302.81482	691.07306
2439	257.0	647.0	278.02737	706.6828
2441	257.0	631.5	267.30768	693.9018
2459	94.0	401.0	89.77245	404.36594
2465	210.99999999999997	336.0	201.87401	290.4956
2479	96.0	432.0	93.332	449.94983
2485	103.0	193.0	106.572464	257.6622
2495	85.0	323.0	84.98309	247.60678
2499	82.00000000000001	343.66666666666674	79.28876	334.2824
2512	210.99999999999997	310.0	188.222	281.12167
2514	231.83333333333331	332.3333333333333	211.51938	302.01093
2515	232.66666666666666	337.66666666666674	218.34203	328.24774
2526	111.66666666666669	484.3333333333333	127.43584	474.46277
2527	107.33333333333336	482.66666666666674	148.81778	477.5634
2547	130.0	603.0	114.05921	599.9301
2557	100.0	537.0	106.243965	532.45337
2566	117.0	446.0	82.41442	464.57632
2577	78.0	203.0	79.42444	229.75027
2587	277.0	355.0	233.58661	355.97705
2605	178.0	353.0	138.55591	329.4591
2654	333.0	609.0	323.8514	628.6091
2668	206.0	486.5	161.85709	495.90677
2669	189.0	492.0	126.58244	473.2758
2673	128.0	487.0	81.72508	479.78754
2682	98.0	348.0	133.12323	269.84225
2701	55.0	677.0	76.161964	654.30554
2704	55.0	664.0	86.731705	635.4166
2710	56.0	590.0	104.74257	497.4476
2711	55.0	629.0	124.23024	513.9946
2741	105.99999999999999	321.0	130.35617	292.71155
2769	130.0	652.0	119.92635	627.9923
2771	69.0	576.0	131.12521	605.666
2776	96.0	544.0	89.77232	491.38095
2788	113.0	439.0	97.12476	464.92114
2789	105.66666666666669	455.0	101.836914	484.41095
2791	91.0	487.0	106.94351	482.5589
2824	102.0	321.0	80.01639	271.42828
2851	262.0	558.0	246.47928	505.29175
2870	238.0	505.0	295.3552	601.0933
2876	242.00000000000003	394.0	239.85188	425.32068
2897	282.0	449.0	241.88377	384.04526
2898	283.0	452.0	252.1094	444.56964
2901	192.0	506.0	251.24951	464.95343
2919	253.00000000000003	255.0	254.08693	237.06543
2926	246.0	377.0	237.64104	318.40765
2936	264.5	609.5	261.21832	629.8822
2941	243.00000000000003	467.0	235.83392	511.7596
20	336.0	406.0	310.2578	399.80084
30	390.0	659.0	380.4637	643.5897
42	365.0	618.0	354.22025	631.24304
53	338.0	427.00000000000006	324.37726	419.8604
65	203.0	95.0	216.48834	95.59129
71	213.0	105.0	213.4053	105.55582
83	207.0	198.0	193.11177	229.74953
85	196.0	320.0	164.16913	389.28348
87	163.0	398.0	153.71146	431.63
98	107.0	534.0	107.24549	545.55084
125	287.75	535.25	287.40414	525.51575
126	288.5	533.5	291.1953	527.86566
129	294.0	519.0	295.04248	538.78064
141	139.0	468.0	134.70895	585.6933
143	113.0	582.0	131.46007	612.49164
146	140.0	552.0	127.7347	577.7062
160	102.625	563.875	105.75694	570.60803
177	218.00000000000003	84.66666666666669	201.7663	108.484695
186	176.0	136.0	182.85867	148.79431
202	375.0	649.0	382.2825	634.3946
204	341.0	645.0	346.82074	634.925
208	382.0	569.0	355.1447	625.7805
210	371.0	671.0	368.18863	632.526
212	367.0	660.0	339.12555	629.6232
222	426.0	357.0	448.66165	282.99573
227	493.0	153.0	465.728	133.8443
228	485.0	124.0	440.26672	103.741325
247	339.0	222.0	325.8506	191.22696
248	337.5	226.5	324.6267	189.7814
263	334.0	542.0	335.47232	537.4401
274	359.0	521.0	345.24432	508.20316
279	163.0	445.0	168.39743	425.88617
291	149.0	395.0	159.5664	394.92453
293	168.0	336.0	180.20258	312.33865
308	152.5	198.5	186.02008	255.82014
310	151.0	203.0	195.41199	269.24622
313	156.0	255.0	182.17926	217.33441
318	134.0	427.00000000000006	131.13408	480.1098
319	123.0	478.99999999999994	121.18775	531.0632
338	126.0	558.0	125.027214	580.0301
348	291.5	536.5	284.46747	493.11044
371	240.0	331.0	201.30612	270.6754
377	225.0	86.0	221.88477	89.95963
384	193.75	109.25	203.4617	110.73984
403	365.33333333333337	622.3333333333334	349.0834	629.5927
407	351.0	615.0	336.91806	614.2281
410	347.0	613.0	350.94226	622.9009
413	356.0	608.0	337.60748	622.7927
422	358.0	335.0	364.1452	368.85715
423	416.0	278.0	401.9428	299.846
427	450.0	219.00000000000003	445.76013	224.92186
440	348.0	159.0	328.06683	123.0734
443	319.0	312.0	336.48022	279.88855
448	233.0	412.0	205.29527	385.55408
462	351.0	458.0	336.50793	461.42004
467	348.0	455.0	347.70477	457.75568
473	149.0	424.99999999999994	155.94351	458.08582
486	104.0	560.0	107.44457	547.71545
511	129.0	505.0	140.39896	488.19046
539	343.0	324.0	323.18158	301.4737
540	341.0	303.0	325.11768	301.10507
555	346.0	411.0	340.5642	432.1577
560	358.0	594.0	330.8526	561.09143
561	351.0	635.0	334.789	598.77893
570	380.125	651.25	370.74646	623.53314
571	381.5	651.0	377.1892	630.52856
574	390.0	598.0	364.81674	600.0148
576	291.2	536.0	294.30933	481.86664
581	309.0	531.0	271.99127	533.1792
615	154.0	624.0	141.04398	613.4178
625	305.0	396.0	257.3291	367.79248
646	333.0	158.0	326.91235	212.96243
668	375.0	274.0	375.55774	327.36472
671	402.0	236.0	398.4914	227.74397
672	406.0	238.5	389.57727	244.40578
674	416.0	235.0	430.03204	227.46826
676	414.8	225.0	422.22433	187.27924
687	340.0	301.0	343.0252	319.0021
702	211.0	106.0	188.47426	179.70018
703	327.0	246.00000000000003	325.8059	405.64584
721	350.0	594.0	345.39334	546.91516
724	361.0	521.0	335.09888	460.94156
725	355.0	476.0	335.79684	325.7267
730	385.0	283.0	395.3497	239.31529
738	421.0	120.0	427.30588	93.77608
743	327.0	200.0	347.56268	188.95813
796	121.0	617.0	124.59914	602.97363
835	309.0	175.0	322.972	160.66777
841	320.0	218.50000000000003	329.18918	231.6128
849	169.0	414.0	155.9708	458.42807
884	182.0	217.0	178.30835	125.6496
888	162.0	395.0	172.87944	343.37424
902	346.0	623.0	332.48227	624.7209
922	436.0	306.0	409.679	313.9729
925	487.0	172.0	407.83313	278.64197
928	425.0	68.0	458.4628	123.3718
964	159.0	300.0	155.74278	396.39996
983	212.0	418.0	181.914	409.92865
989	321.0	459.0	311.90045	460.49893
996	401.0	243.0	375.1012	240.79991
1007	396.0	286.0	333.42587	341.6118
1014	202.0	351.0	192.96152	388.6857
1016	225.0	339.0	212.38724	315.4776
1019	240.11111111111114	313.66666666666663	191.7656	183.35657
1022	204.0	292.0	202.56656	215.57224
0	361.0	145.0	260.61087	107.02789
2	353.0	202.0	320.86584	160.90515
11	468.0	121.0	473.5482	102.85486
21	336.0	431.0	329.30716	457.20642
39	417.0	633.0	405.1586	644.9434
41	402.0	627.0	393.68716	636.0604
44	361.0	576.0	358.6562	573.5334
59	154.0	240.0	197.79816	221.60802
60	148.0	195.0	184.2497	217.4815
61	152.0	169.0	184.7987	186.67058
66	218.0	91.0	210.12866	96.83237
74	183.0	197.5	168.54996	158.16808
100	104.0	629.0	111.23755	602.0085
118	247.0	413.0	198.718	421.49896
162	104.375	559.125	137.63676	591.82404
165	144.0	464.0	160.26465	386.90994
175	206.0	139.0	198.11465	96.629074
178	220.0	81.0	219.14508	88.00862
190	160.0	347.0	170.85728	341.85233
195	145.0	438.0	146.1227	415.49722
203	390.0	663.0	369.19772	632.6736
230	454.0	96.0	444.76892	104.76814
231	374.0	95.0	436.73218	106.31062
232	356.0	96.0	368.35617	120.245186
287	124.0	470.0	135.10416	431.04938
295	196.0	250.0	205.65833	301.92764
317	150.0	369.0	162.08379	380.9454
321	153.0	548.0	147.8599	530.94086
322	157.0	558.0	140.89432	510.57733
328	153.25	579.75	148.21829	585.8129
344	295.0	451.0	249.75745	432.97937
366	194.5	297.0	213.97653	305.20453
373	199.0	304.0	198.84575	160.74277
381	207.0	101.0	216.69351	90.45434
419	357.0	544.0	348.53723	500.89484
423	416.0	278.0	393.44983	363.34735
429	456.0	215.0	421.58844	100.502106
448	233.0	412.0	275.1786	368.53937
456	111.0	525.0	119.29082	460.92496
461	344.5	462.5	349.26678	445.0138
465	347.33333333333337	449.00000000000006	345.09137	450.57928
473	149.0	424.99999999999994	167.89153	415.5626
492	117.16666666666666	554.6666666666667	109.32912	533.8844
501	129.0	554.0	123.10879	566.74054
503	126.5	548.5	122.81378	557.7229
507	123.0	542.0	123.54856	523.0587
514	174.0	418.0	169.80304	350.60123
525	212.0	191.0	199.3323	131.07918
530	201.5	104.0	204.68115	106.097855
558	362.0	560.0	347.8166	574.2783
562	349.33333333333337	650.0	345.94733	600.1797
579	297.8	527.0	298.759	500.82004
580	300.0	524.0	314.27747	509.92523
600	109.0	475.33333333333337	122.84651	448.7594
602	109.0	468.0	139.36545	423.27023
606	111.42857142857143	486.0	108.09654	506.32474
608	106.0	553.0	114.496445	529.6926
609	106.25	553.75	107.79158	555.06244
616	149.66666666666669	621.3333333333334	153.70021	585.89703
618	141.0	616.0	151.98714	571.5478
623	192.0	413.0	201.88322	423.7479
625	305.0	396.0	320.30115	372.88718
642	417.0	113.0	421.49576	108.92124
644	383.0	113.0	369.76797	171.46922
667	367.0	290.0	353.11252	328.30392
672	406.0	238.5	409.15796	245.84119
681	381.0	157.0	410.98325	126.465836
713	374.0	641.0	357.41733	613.9739
716	345.5	600.75	346.848	583.24365
719	356.0	612.0	352.2126	611.363
723	358.0	547.0	354.7029	451.73563
726	333.0	382.0	350.1184	430.09305
735	473.0	134.0	447.61307	127.43089
737	433.0	116.0	458.56903	93.394936
745	360.0	278.0	334.12027	254.62996
784	102.0	620.0	140.87857	606.59784
801	153.0	545.6666666666667	160.26932	524.77905
802	154.0	543.0	149.03526	526.6511
804	156.0	537.6666666666667	159.48529	367.83136
814	291.5	520.75	293.25842	524.22375
825	321.0	170.0	352.77847	178.38489
826	319.57142857142856	174.57142857142856	367.7977	166.49423
835	309.0	175.0	316.44418	166.93205
847	313.0	392.0	239.0416	382.47897
866	116.66666666666666	533.3333333333333	110.33299	582.9212
873	139.0	517.0	153.60292	416.6206
877	195.0	205.0	197.25183	174.34944
888	162.0	395.0	171.32011	273.98575
908	291.0	538.0	348.16492	506.0072
921	383.0	333.0	381.29767	439.78513
929	408.0	68.0	424.67456	100.59843
938	347.0	159.0	362.93658	112.52944
959	155.0	174.0	167.13881	156.43365
963	156.0	275.0	166.32062	235.53821
972	104.0	544.0	105.020935	568.0652
982	145.0	494.0	145.0488	458.24268
989	321.0	459.0	305.33093	432.91748
993	382.0	287.0	369.6207	202.53506
994	398.0	256.0	359.73962	219.00775
999	406.0	238.0	408.2774	237.82106
1012	273.0	404.0	292.92554	429.73206
1014	202.0	351.0	245.72981	389.35022
1015	237.0	339.0	225.46967	365.26392
1032	238.5	118.5	213.38428	93.82205
1038	194.0	122.0	210.34647	104.8197
6	478.0	300.0	468.4263	279.08524
33	406.57142857142856	655.2857142857142	394.1799	648.1983
45	357.0	551.0	357.9835	573.0471
62	164.0	142.0	182.08273	187.83635
64	201.0	96.0	202.90216	150.09125
67	219.0	90.0	218.1659	92.92085
79	204.00000000000006	200.0	208.3807	170.60098
82	206.00000000000006	198.66666666666669	192.00333	198.48705
88	162.0	402.0	140.47485	434.0687
91	143.0	458.0	123.72513	458.01416
95	107.0	479.99999999999994	109.00618	505.64188
111	161.25	537.75	153.56784	545.37726
114	162.0	534.0	156.28369	529.3889
117	186.0	417.0	151.94012	447.48157
127	289.25	531.75	295.87656	504.45047
131	291.0	444.0	297.41815	452.7022
151	141.0	612.0	151.43736	575.65765
163	121.0	521.0	109.08346	539.05676
191	173.0	387.0	164.21658	385.70557
198	169.0	435.0	148.82039	508.0047
199	269.0	457.0	344.38654	599.65393
207	363.0	611.0	357.8026	627.3077
227	493.0	153.0	474.6349	134.14423
234	321.0	182.0	328.2798	152.89209
245	313.0	222.0	344.0628	213.84653
247	339.0	222.0	372.5922	201.638
248	337.5	226.5	324.72543	225.6406
253	479.0	200.0	470.95273	157.78726
254	469.0	222.0	479.35757	232.28874
259	333.0	346.0	335.12213	342.00195
265	348.0	593.0	348.7635	588.52124
291	149.0	395.0	147.62035	411.2318
298	199.0	206.0	188.55054	265.3053
301	192.0	192.0	192.03485	192.69382
308	152.5	198.5	185.95822	215.79971
310	151.0	203.0	182.63528	257.21994
312	154.0	234.0	167.0704	263.13464
327	157.0	577.0	139.05511	549.68335
329	149.5	582.5	146.39096	577.2213
331	142.0	588.0	142.5727	599.43854
337	113.0	607.0	113.77733	555.58813
348	291.5	536.5	298.07013	513.91956
349	289.0	535.0	316.06128	532.9635
364	184.0	310.0	179.6177	319.58228
388	165.0	232.0	168.40771	217.87903
393	195.0	407.0	188.75963	393.1009
415	366.0	598.0	349.61987	608.9204
421	326.0	398.0	357.2361	498.56055
433	419.0	85.0	424.57358	93.54346
446	303.5	388.0	329.21948	399.6449
463	346.0	456.0	346.0525	464.31168
464	347.0	446.0	344.50098	465.81955
483	101.0	537.0	110.62663	520.08325
494	114.0	571.0	108.137	535.7283
528	189.0	131.0	209.89587	104.64642
541	332.0	248.00000000000003	330.0471	249.09589
563	348.66666666666674	655.0000000000001	356.71692	625.278
603	110.57142857142857	489.0	111.97653	482.68472
627	328.0	317.0	336.0981	339.23257
650	337.0	275.0	340.94604	259.90094
658	125.0	485.00000000000006	143.22607	533.6135
660	125.0	511.0	130.72685	549.0678
669	381.0	267.0	409.63525	300.01227
670	381.0	243.0	432.51328	240.03241
673	410.0	241.0	404.79935	296.161
675	415.4	230.0	447.9815	233.27272
690	329.0	433.0	327.4503	458.68604
696	229.0	413.0	213.11328	498.57385
700	196.0	235.0	182.31448	257.18152
710	350.0	533.0	352.4443	556.91406
718	352.5	608.25	352.59378	602.4909
721	350.0	594.0	350.3014	564.7407
724	361.0	521.0	353.20465	544.00977
732	446.0	244.99999999999997	457.26468	234.95854
748	333.0	359.0	330.48706	413.1057
753	248.0	404.0	241.06503	443.62442
754	241.0	402.0	207.97879	397.6284
760	182.0	228.0	176.06825	210.59396
765	199.0	129.0	213.81783	112.91742
790	109.0	615.0	110.89851	611.6634
806	175.0	421.0	199.5971	472.88132
811	279.0	516.0	310.65277	533.2383
818	302.0	464.0	315.29086	443.4111
819	319.0	409.0	334.81158	420.60425
828	318.1428571428571	179.14285714285714	316.16888	190.06396
880	190.28571428571428	182.14285714285714	184.65964	179.54614
886	180.0	288.0	167.086	302.4541
899	342.5	628.0	354.25552	608.9922
901	346.0	628.0	337.6411	605.984
902	346.0	623.0	345.91846	612.8181
922	436.0	306.0	378.80716	342.17014
926	476.0	144.0	459.46567	225.95847
934	395.0	86.0	434.2272	96.20845
947	223.0	407.0	219.35233	408.53052
948	179.0	393.0	216.79828	357.94693
949	166.0	337.0	201.31784	329.95663
950	187.0	284.0	186.02737	237.84196
958	166.0	149.0	166.25046	174.11151
966	133.0	472.0	157.18567	376.64667
990	331.0	421.0	326.1911	455.35107
1002	411.0	240.0	383.85013	225.91447
1016	225.0	339.0	224.46794	348.17117
1036	221.33333333333337	118.00000000000003	184.49153	137.70572
1040	178.33333333333337	128.00000000000003	186.30786	151.72856
13	445.0	110.0	437.47543	90.33389
31	404.0	660.0	402.22754	646.0334
48	346.0	503.0	338.8321	490.62613
54	270.0	404.0	221.36337	395.69873
69	236.0	90.0	216.0707	90.63652
73	171.0	197.0	196.65732	163.45499
89	154.0	437.0	141.39809	439.6867
106	154.0	592.0	148.42224	582.0927
139	132.0	594.0	126.666306	555.14624
142	128.0	582.0	124.70824	504.1475
152	136.14285714285714	604.0	113.040726	595.8055
154	131.28571428571428	596.0	112.51251	608.2411
156	102.0	586.0	105.85826	536.6638
164	134.0	490.0	121.3232	515.3927
166	160.0	423.99999999999994	156.11275	429.8069
167	161.0	411.0	166.54893	399.5692
170	168.0	305.0	178.91449	316.91168
171	171.0	291.0	181.21042	250.59853
173	193.0	253.0	191.31186	208.27013
184	210.0	101.0	202.27298	107.1257
189	170.0	294.0	162.89932	344.54355
193	156.0	421.0	166.86588	414.13065
226	473.0	197.0	470.81625	151.3689
233	339.0	111.0	349.66858	127.08084
238	313.0	224.0	316.67462	196.07304
261	328.0	445.0	328.98538	420.05194
270	367.0	578.0	363.11975	596.8071
276	271.0	414.0	298.3709	459.86783
286	116.0	474.0	113.847824	487.03616
306	154.0	194.0	193.9625	218.72937
311	153.0	216.0	175.7367	172.96796
313	156.0	255.0	166.63788	260.45206
333	99.0	625.0	115.32356	617.0742
342	277.0	412.0	191.15286	435.95422
347	305.0	516.0	294.7132	494.21246
353	288.2857142857143	528.2857142857142	282.6242	522.7795
357	374.0	428.00000000000006	328.23193	455.48578
360	219.0	399.0	276.93973	398.72385
377	225.0	86.0	216.03952	92.41177
397	345.0	446.0	341.15985	500.82788
404	361.0	621.0	384.05963	634.37305
413	356.0	608.0	350.89462	617.44653
414	361.0	603.0	350.0606	612.19006
417	362.0	571.0	348.65985	575.6338
420	357.0	544.0	344.51746	494.70258
422	358.0	335.0	332.8611	407.93124
432	414.0	84.0	424.2808	101.09631
441	341.0	217.0	348.2547	162.12732
445	312.0	362.0	313.4392	381.36304
450	144.0	426.00000000000006	163.84174	411.27496
452	133.0	456.0	134.7724	451.91867
467	348.0	455.0	337.56403	445.35544
469	349.0	435.0	336.25623	433.8859
476	137.0	464.0	131.23816	454.83563
478	124.0	485.00000000000006	128.91824	455.17426
481	109.0	507.0	105.98405	542.0416
484	102.0	543.0	107.38393	539.2942
489	108.66666666666669	568.6666666666667	108.69556	564.048
512	146.0	456.0	143.3182	475.01035
517	153.0	292.0	185.97058	264.46173
536	287.0	382.0	224.50784	383.90216
540	341.0	303.0	340.38995	312.28333
546	350.0	114.0	364.53384	144.03635
569	376.0	652.0	362.932	625.9698
578	295.6	530.0	308.10257	516.96716
592	279.0	415.0	274.24054	469.65662
595	155.0	431.0	152.70372	433.8511
607	110.0	502.0	106.9353	526.3647
610	106.5	554.5	106.68257	529.5619
617	145.33333333333334	618.6666666666667	140.20901	599.60974
630	401.0	261.0	377.16412	293.86664
636	422.0	263.0	437.1176	137.96988
637	429.0	255.0	453.49738	125.4142
641	456.0	125.0	414.71365	88.761284
643	398.0	107.0	393.55765	121.573265
693	336.0	431.0	319.58487	492.5543
694	303.5	480.5	321.895	508.78802
729	353.0	286.0	394.56946	257.3646
738	421.0	120.0	414.4803	115.13553
770	180.0	139.0	177.93855	181.26256
785	108.0	620.0	110.45255	616.5071
798	151.0	596.0	141.82947	569.69006
805	144.0	465.0	221.2336	434.42902
809	275.0	475.0	282.78284	491.03207
812	285.0	537.0	264.20978	505.8192
817	293.0	505.0	305.11935	465.731
824	317.0	199.0	322.21893	213.83783
868	147.0	542.0	143.03296	570.8884
882	188.57142857142856	183.28571428571428	186.46771	157.7087
895	344.0	612.0	338.20758	580.64856
914	346.0	574.0	355.27917	587.8809
918	361.0	542.0	343.88397	545.5337
924	484.0	237.0	464.34033	243.38947
931	413.0	72.0	413.48993	78.91623
939	342.0	177.0	342.91852	131.03845
965	146.0	388.0	167.60706	316.64035
976	161.0	628.0	112.31323	550.2272
1001	410.5	240.0	400.79	211.2727
1006	398.0	281.0	368.82117	258.83588
1013	240.0	388.0	219.20053	407.9787
1017	244.0	312.0	187.45163	256.40338
1025	139.0	138.0	186.92259	222.41919
1026	137.0	111.0	193.23656	173.02109
1031	242.0	117.0	216.76257	95.91577
1	359.0	163.0	357.45776	152.23636
17	348.0	297.0	352.61505	260.41473
18	343.0	343.0	238.43971	309.0241
23	330.0	526.0	335.0766	524.21094
25	349.0	564.0	349.27466	567.923
26	351.0	583.0	349.85657	593.24243
28	358.0	646.0	354.4488	610.1942
30	390.0	659.0	385.83817	638.3968
43	361.0	597.0	370.26007	608.8666
51	349.0	449.0	323.93362	429.8584
71	213.0	105.0	209.00204	124.227646
75	195.0	198.0	191.49066	213.64297
81	205.00000000000006	199.33333333333337	182.97836	181.03815
86	177.0	380.0	161.55495	383.09668
93	103.0	487.0	114.01362	511.04004
103	152.0	623.0	117.09326	601.31573
122	282.0	537.0	304.95276	532.6766
128	290.0	530.0	283.01697	506.68915
130	295.0	494.0	305.97693	475.22388
132	288.0	431.0	285.46912	378.4242
136	126.0	598.0	133.04689	562.80994
148	143.33333333333334	558.0	136.65524	576.4885
155	128.85714285714286	592.0	104.8783	540.9946
192	214.0	402.0	205.84576	409.42914
202	375.0	649.0	372.57074	627.50415
212	367.0	660.0	360.97888	623.61884
218	330.0	421.0	336.3487	445.5613
221	370.0	360.0	404.57703	325.81433
241	322.0	235.0	327.0543	218.29454
251	439.0	138.0	422.54987	115.49988
252	473.0	166.0	436.14478	150.95921
257	400.0	300.0	398.33804	276.47116
262	327.0	488.0	333.38907	512.3575
264	350.0	588.0	343.19897	554.29193
266	345.0	612.0	353.462	601.08136
275	344.0	475.0	324.7054	439.30927
278	172.0	421.0	172.58112	420.77588
280	159.0	458.0	153.5598	452.45148
284	109.0	478.99999999999994	115.883286	508.5541
300	200.0	193.0	198.9346	209.00732
367	199.0	308.0	190.37814	310.79565
374	190.0	244.99999999999997	201.91727	283.9436
376	214.0	113.0	220.42061	94.63806
384	193.75	109.25	197.13696	143.68774
392	175.0	403.0	172.76758	402.1039
394	217.0	401.0	289.24658	406.0259
405	354.5	618.0	348.03595	618.30023
406	348.0	615.0	346.39273	615.2721
412	350.0	603.0	340.63724	613.22614
437	391.0	104.0	398.79257	97.182526
454	116.0	487.0	123.941025	482.05798
458	145.0	551.0	138.47322	544.70715
470	339.0	423.99999999999994	295.6042	417.77307
477	131.0	479.99999999999994	125.27768	481.1802
491	114.33333333333334	559.3333333333334	104.00583	545.1522
497	121.0	605.0	115.53682	570.6511
521	191.0	238.0	189.4834	244.23361
522	193.0	259.0	199.64066	268.32297
529	193.0	119.0	206.44499	110.55663
532	178.0	121.0	199.48982	221.0939
555	346.0	411.0	351.16458	440.03842
559	362.0	588.0	346.11325	585.5135
572	382.875	650.75	373.61957	611.0733
573	406.0	637.0	374.08112	609.2986
577	293.4	533.0	313.8374	507.45602
594	168.5	426.5	209.37196	393.09418
596	141.0	432.0	152.79553	433.54813
601	109.0	471.66666666666674	121.36659	477.79776
611	106.75	555.25	105.446365	537.5878
633	413.0	265.0	443.68365	204.11168
646	333.0	158.0	339.61725	221.58966
652	258.0	411.0	197.35329	416.18362
684	393.0	152.0	349.6562	241.79277
685	385.0	190.0	361.3406	256.63885
692	336.0	431.0	327.6206	457.6943
708	338.5	498.0	316.23816	515.67505
714	389.0	649.0	367.0586	629.17914
715	342.0	597.0	342.6315	603.60815
720	352.0	606.0	351.49103	606.82275
722	356.0	560.0	347.69812	560.0724
727	340.0	342.0	340.02716	274.46747
736	452.0	116.0	461.12466	129.60724
768	217.22222222222223	102.22222222222223	191.32318	132.21243
787	114.0	619.0	113.882996	589.63806
793	110.5	617.75	112.66924	606.0952
816	292.5	510.25	314.68713	520.72815
833	312.33333333333337	197.66666666666669	329.2672	143.82504
846	330.0	303.0	335.56366	305.60132
855	120.0	489.0	123.95715	477.52664
857	95.0	533.0	109.25018	507.17285
894	351.0	593.0	340.4431	533.4888
936	375.0	97.0	383.65662	93.85886
937	367.0	125.0	359.86682	127.651535
945	303.0	392.0	310.2353	411.98465
953	150.0	174.0	178.14764	183.9985
957	158.0	155.0	190.21028	157.45024
962	165.0	226.0	170.45135	222.84123
969	104.0	544.0	112.5076	509.8336
973	116.0	547.0	106.365814	527.2373
992	352.0	334.0	342.3286	285.496
1000	410.0	240.0	414.50827	259.00372
1004	411.0	240.0	429.39948	185.27008
1027	135.0	102.0	163.20569	173.97662
1029	188.0	90.0	201.94067	109.31407
9	489.0	193.0	461.63126	202.74355
10	482.0	154.0	468.4213	191.84357
20	336.0	406.0	329.80066	421.21677
38	412.0	646.0	409.3531	643.94073
40	418.0	626.0	410.24075	640.45245
42	365.0	618.0	393.77908	611.90314
47	348.0	518.0	347.55948	518.3629
49	343.0	495.0	334.0244	494.7806
83	207.0	198.0	194.1076	225.51295
87	163.0	398.0	162.19447	418.2393
92	129.0	469.0	128.31097	474.77768
98	107.0	534.0	109.1656	518.69806
108	160.0	546.0	152.534	568.1257
121	276.0	492.0	293.19525	509.51773
124	287.0	537.0	299.8017	538.87854
129	294.0	519.0	299.53418	487.2655
141	139.0	468.0	133.90236	514.2761
158	100.66666666666669	576.0	108.37764	553.9625
179	219.2	83.8	216.06453	103.7316
186	176.0	136.0	179.89352	149.8413
197	131.0	474.0	150.78146	457.96683
210	371.0	671.0	365.37244	598.6247
224	483.0	297.0	462.01822	272.4978
235	311.5	198.5	321.1331	213.27376
242	312.0	205.0	318.40564	210.38571
244	313.0	215.0	318.20642	209.0835
267	345.0	620.0	365.37915	608.60516
271	353.0	543.0	351.5875	548.6757
279	163.0	445.0	160.18144	432.6276
294	179.0	298.0	184.94034	329.10513
303	184.5	198.0	183.88632	200.50896
307	153.25	196.25	179.51552	275.9436
314	156.0	273.0	171.0875	301.65784
343	290.0	420.0	261.71167	464.90036
350	288.7142857142857	534.7142857142857	290.47858	536.48
354	290.0	506.0	312.86908	532.58044
368	181.0	317.0	254.04451	295.49353
379	215.0	93.0	218.83084	94.125534
386	185.0	125.0	183.39557	179.46579
398	346.0	475.0	343.47247	481.59207
408	348.0	609.0	357.59827	606.90344
425	454.0	218.50000000000003	440.31833	253.21959
438	373.0	120.0	371.41522	120.78354
455	108.0	513.0	127.11998	453.44406
459	156.0	555.0	151.14752	587.5408
462	351.0	458.0	346.53363	449.0873
479	102.0	488.0	111.75653	514.62714
480	107.0	497.0	114.80246	523.3666
490	111.5	564.0	115.429504	537.91705
516	162.0	339.0	188.06644	303.41864
526	201.0	155.0	191.76756	159.21936
552	386.0	360.0	411.32843	341.81894
571	381.5	651.0	384.4841	632.03644
574	390.0	598.0	360.5919	607.8039
581	309.0	531.0	318.8871	516.348
598	137.0	460.0	132.68877	470.5258
599	125.0	476.0	115.35356	479.24554
614	126.0	603.0	150.91824	574.47815
635	420.0	268.0	396.56747	210.81825
638	458.0	232.0	443.51367	182.31436
666	333.0	344.0	336.83688	361.2381
678	413.6	215.0	391.99084	215.31413
688	334.0	381.0	334.12387	348.76956
701	213.0	172.0	186.4405	219.7093
704	332.0	375.0	312.32654	419.55383
730	385.0	283.0	419.87317	204.53175
734	475.0	174.0	460.15814	156.33948
742	332.0	156.0	352.22916	167.6572
758	191.0	305.0	176.70372	298.4577
759	182.0	271.0	180.17694	274.97223
764	194.0	143.0	206.19821	165.83984
769	189.0	129.0	169.41034	177.6568
779	132.0	461.0	134.9116	477.43222
786	114.0	620.0	111.049835	603.3939
791	111.0	615.0	115.24544	597.9067
797	139.0	616.0	147.21518	599.00714
810	277.0	496.0	292.38797	532.08136
836	314.5	158.0	313.86746	178.85571
837	319.0	151.0	330.34137	157.7722
840	326.0	201.0	317.4474	185.11266
844	328.0	276.0	320.25684	209.45384
845	331.0	291.0	312.44785	331.40866
854	125.0	485.5	140.21689	472.30557
858	97.0	534.0	111.93239	552.88245
863	104.25	531.0	107.62726	561.9274
875	176.0	296.0	168.36084	400.7265
876	204.0	205.0	191.98361	340.03085
896	340.0	597.0	347.16156	583.6874
912	347.0	466.0	323.043	473.90372
917	345.0	612.0	343.344	568.47876
928	425.0	68.0	448.8373	204.47778
930	411.0	70.0	444.19165	113.87874
932	412.0	75.0	436.97104	100.66625
940	336.0	196.0	349.46643	192.95273
941	337.0	226.0	325.6156	241.62442
944	322.0	366.0	313.4986	386.9789
978	157.0	627.0	148.51324	591.0337
980	148.0	615.0	133.14723	589.39923
1005	407.0	249.0	432.06055	228.58922
1011	292.0	401.0	304.325	393.27692
1018	240.8888888888889	313.33333333333337	219.71832	349.6469
1022	204.0	292.0	207.35298	322.5725
1034	230.0	120.0	220.13544	99.14637
1039	181.0	126.0	189.43672	128.5159
5	468.0	311.0	406.93417	305.6556
7	486.0	271.0	469.60196	224.9004
15	379.0	158.0	425.5022	158.87555
46	352.0	534.0	348.11993	522.4365
53	338.0	427.00000000000006	303.63593	402.90128
55	186.0	402.0	182.58826	363.28256
68	219.0	96.0	216.58751	95.224014
77	208.0	199.0	184.52377	202.38496
80	204.0	200.0	180.55511	197.68042
90	149.0	456.0	127.39258	466.01947
99	99.0	584.0	105.46813	584.5327
116	155.0	466.0	158.47784	538.8509
120	277.0	469.0	250.53316	446.85187
123	291.0	545.0	293.43854	522.2667
133	223.0	414.0	173.5932	420.858
145	143.0	544.0	146.91571	569.0002
169	171.0	325.0	167.33096	353.74124
177	218.00000000000003	84.66666666666669	213.1467	96.46672
182	216.8	92.19999999999999	212.69812	99.68216
187	172.0	215.0	185.88077	179.11804
196	140.0	453.0	138.37775	520.0024
200	339.0	528.0	346.95148	595.00696
205	337.0	637.5	348.97607	636.93896
208	382.0	569.0	384.52747	611.6557
239	318.0	230.0	317.95087	210.68468
243	312.0	205.0	321.318	192.51439
263	334.0	542.0	338.49496	540.6368
269	406.0	639.0	357.27847	607.1414
273	357.5	524.5	349.35187	521.5863
288	132.0	455.0	120.2116	484.12268
290	146.0	417.0	140.22879	457.54364
299	195.0	205.0	172.29056	184.944
318	134.0	427.00000000000006	146.50746	435.2322
334	98.0	629.0	116.19838	622.0893
336	105.0	624.0	122.76981	618.56506
362	195.0	369.0	183.92963	337.68176
363	193.0	321.0	191.33931	314.62988
369	241.0	314.0	179.1937	310.47748
390	159.0	377.0	181.3315	333.54352
395	274.0	408.0	278.28235	415.71875
416	368.0	595.0	352.72864	607.61066
418	360.0	552.0	350.66138	566.98303
426	453.0	218.0	465.13358	199.51294
427	450.0	219.00000000000003	422.83945	207.0267
436	416.0	83.0	398.86118	92.49272
442	330.0	260.0	328.70837	160.98834
466	347.66666666666674	452.00000000000006	348.82257	472.6289
475	141.0	456.0	128.5879	484.2338
509	123.0	543.0	121.37228	547.08606
510	123.0	524.0	125.052505	529.1692
533	134.0	218.0	181.93008	205.1321
538	343.0	357.0	338.70535	369.34082
539	343.0	324.0	312.27228	332.2657
544	312.0	167.0	314.20425	173.9635
590	331.0	471.0	351.0737	543.3094
626	327.0	363.0	319.6355	355.18842
647	333.0	201.0	312.09412	211.63385
656	125.0	483.5	131.79813	481.22153
661	139.0	475.0	131.6857	520.7746
664	268.0	392.0	267.81958	398.65335
674	416.0	235.0	407.75412	229.54182
676	414.8	225.0	425.96222	178.23608
680	409.0	204.0	395.36127	197.00961
697	164.0	372.00000000000006	177.35066	308.01428
705	320.0	467.0	314.07776	391.99564
711	349.0	554.0	350.3037	581.7536
725	355.0	476.0	350.69263	442.55038
733	479.0	212.0	446.53336	132.69586
747	336.0	347.0	347.35254	321.8329
762	193.0	193.0	188.4829	155.94395
777	158.0	433.0	135.57172	474.9572
796	121.0	617.0	138.01556	609.5782
799	151.0	553.0	144.2856	599.4678
829	317.42857142857144	181.42857142857144	317.90982	187.42255
832	314.0	209.0	319.53412	193.59445
841	320.0	218.50000000000003	332.99805	192.45111
843	315.0	244.99999999999997	334.73407	220.34633
851	152.0	469.0	137.70229	465.5414
862	103.5	532.0	106.500465	558.3042
864	105.0	530.0	105.55606	599.80743
865	114.33333333333334	532.6666666666666	107.51784	594.9544
872	147.0	538.4285714285714	140.6145	562.1981
881	189.42857142857144	182.71428571428572	176.03154	125.10318
887	166.0	355.0	164.48398	300.73358
892	338.0	492.0	285.8047	512.855
900	339.0	626.0	348.30984	621.1954
903	348.0	626.0	347.9104	625.8703
905	365.0	639.0	353.96503	601.34564
920	355.0	426.00000000000006	353.11594	439.40765
933	411.0	78.0	408.3044	84.78917
946	263.0	407.0	261.47565	409.15036
952	177.0	205.0	188.16241	181.3223
955	158.0	154.0	167.48105	200.44173
964	159.0	300.0	158.70267	379.85098
975	134.0	568.0	107.57759	570.7424
977	157.0	627.0	132.25456	596.7554
984	267.0	427.00000000000006	200.82007	491.4397
986	298.0	536.0	215.68018	492.56836
987	308.0	534.0	267.7754	398.8449
988	320.0	496.0	301.22162	405.31308
1007	396.0	286.0	374.86993	282.6051
1019	240.11111111111114	313.66666666666663	184.62839	214.6852
1020	227.5	313.0	213.65941	289.04657
1030	207.0	92.0	196.41966	118.78824
8	491.0	243.0	480.85074	212.1694
14	437.0	114.0	424.7305	106.065216
16	368.0	235.0	359.07648	180.42976
27	353.0	603.0	353.0991	606.88214
36	414.0	648.0	394.60843	635.6403
37	414.0	648.0	401.6147	640.2558
50	345.0	476.0	340.44348	454.31775
63	183.0	111.0	186.16617	163.69743
70	221.0	95.0	219.33266	87.25329
72	173.0	145.0	202.38684	115.22826
96	107.0	489.0	118.4164	493.37903
97	104.0	498.0	116.999954	498.0626
105	150.0	619.0	153.1392	590.2834
137	126.0	612.0	139.03491	529.5951
138	135.0	584.0	138.34048	529.1289
146	140.0	552.0	154.49197	559.57874
157	101.33333333333334	581.0	116.534195	565.0227
172	187.0	281.0	169.50595	285.10083
188	181.0	249.0	169.68825	253.0797
204	341.0	645.0	376.8491	636.5612
209	421.0	621.0	370.6024	613.5975
222	426.0	357.0	472.40076	318.7378
228	485.0	124.0	465.39267	123.35122
249	336.0	231.0	381.21466	166.17015
250	394.0	180.0	412.3121	141.00964
272	356.0	530.0	354.90448	544.1019
281	159.0	462.0	141.62328	456.79874
285	108.0	477.99999999999994	120.073135	467.80258
289	140.0	447.0	147.86223	421.14334
320	132.0	518.0	130.67003	513.7218
355	307.0	499.0	313.4189	486.07428
359	289.0	400.0	297.58057	421.04364
361	188.0	392.0	230.7115	407.97943
365	200.0	309.0	170.93335	288.00574
375	200.0	149.0	200.59009	123.83505
399	347.0	539.0	338.7275	534.843
400	356.0	585.0	343.25577	553.9594
410	347.0	613.0	356.42313	612.6505
424	449.0	218.0	452.14056	283.74216
428	447.0	220.00000000000003	455.38452	170.74649
435	423.0	80.0	407.36176	100.58507
439	367.0	124.0	358.43054	167.40552
444	313.0	358.0	338.07306	298.71387
449	164.0	411.0	165.31085	408.7669
471	275.0	416.0	207.0057	402.11343
485	104.0	558.0	119.013084	544.2566
486	104.0	560.0	118.83226	508.9366
487	104.0	572.0	119.76273	508.76166
488	105.83333333333334	573.3333333333334	118.876144	494.97916
504	121.0	551.0	119.41091	549.02026
519	186.0	217.0	183.7192	234.4454
527	193.0	142.0	204.35692	126.36879
534	162.0	351.0	176.62665	227.39087
543	314.0	176.0	328.30707	220.66579
551	445.0	370.0	457.15378	297.72275
553	357.0	365.0	365.26938	319.63754
554	348.0	379.0	354.02267	353.95593
557	346.0	536.0	346.2942	481.64203
561	351.0	635.0	336.34906	573.6415
565	347.33333333333337	665.0000000000001	354.10294	615.9768
568	374.0	659.5	369.28323	624.97675
576	291.2	536.0	328.1047	519.3102
588	348.0	528.0	357.26855	549.90454
612	107.0	556.0	135.69633	595.9617
639	482.0	171.0	460.29663	122.89229
659	125.0	472.0	142.65633	572.1012
663	200.0	413.0	216.35959	401.9155
677	414.2	220.00000000000003	430.4764	256.38806
691	332.5	432.0	326.58276	433.23364
699	180.0	275.0	182.19308	241.94421
709	351.0	520.0	346.2937	539.95667
740	382.0	114.0	386.74255	107.86993
743	327.0	200.0	343.02444	204.5477
744	357.0	244.99999999999997	337.20105	252.05739
751	311.0	400.0	287.92828	407.59625
755	187.0	363.0	165.23195	398.22275
767	218.77777777777777	99.77777777777777	212.65802	125.127945
780	114.0	495.0	118.94769	517.8738
782	101.0	591.0	120.601456	539.86426
792	108.0	618.0	119.22112	607.754
803	155.0	540.3333333333334	146.07347	493.3061
813	285.0	540.0	284.0911	512.6929
815	292.0	515.5	297.96533	515.7218
821	317.0	346.0	332.1117	357.57834
831	314.0	203.0	310.89117	191.36716
834	310.66666666666663	186.33333333333337	314.73697	182.34515
848	225.0	391.0	210.36847	395.3868
860	102.0	534.0	117.36262	510.62097
867	148.0	536.0	134.61928	593.87463
871	147.0	539.1428571428571	143.01096	570.1455
878	198.0	193.0	178.89874	191.14674
897	340.0	594.0	355.35864	617.8318
907	325.0	522.0	321.9436	542.9657
915	349.0	598.0	346.99023	592.9026
923	478.0	269.0	437.51926	291.18448
927	482.0	94.0	477.58032	176.11038
954	149.0	171.0	168.90094	169.90157
968	104.0	544.0	123.92817	504.6245
991	340.0	384.0	350.04514	385.04245
996	401.0	243.0	413.44507	254.8578
1003	411.0	240.0	442.10144	233.11696
1008	378.0	330.0	399.74213	337.75723
1023	185.0	256.0	288.71857	304.8906
1035	224.66666666666669	119.00000000000003	203.8617	122.01178
3	349.0	234.0	331.96915	344.91592
4	417.0	315.0	411.95703	348.3995
24	337.0	543.0	325.86578	506.60825
52	348.0	440.0	336.06854	449.82388
56	157.0	355.0	170.13779	347.49817
57	160.0	317.0	180.90366	307.62482
58	161.0	277.0	178.72192	251.06851
76	194.0	204.0	180.42172	199.74133
78	204.00000000000006	200.0	187.56546	183.85788
85	196.0	320.0	170.38837	326.07004
113	161.75	535.25	157.47385	574.49817
115	162.0	532.0	152.22443	554.74945
134	140.0	458.0	177.6236	424.24527
140	135.0	560.0	115.515785	500.25385
147	141.66666666666669	560.0	153.93915	554.33044
168	172.0	385.0	170.15623	356.39774
180	218.40000000000003	86.6	208.28833	97.32237
183	216.0	95.0	202.41214	102.51256
201	368.0	592.0	389.49362	641.488
211	368.0	665.0	379.21188	646.5555
214	343.0	622.0	370.3321	619.0623
216	337.0	526.0	346.53357	516.4502
219	333.0	383.0	352.14572	374.808
220	333.0	373.00000000000006	458.68674	359.03867
223	459.0	337.0	458.3892	266.19952
225	469.0	236.0	467.71487	214.0376
246	322.0	215.0	333.47803	212.99142
256	425.0	272.0	435.84744	265.08527
268	383.0	651.0	381.22128	647.958
274	359.0	521.0	349.21594	481.96893
302	184.0	191.0	193.34592	191.47331
304	185.0	205.0	197.03554	202.30333
325	154.0	569.0	148.54941	565.0112
339	134.0	541.0	132.6465	524.306
351	288.57142857142856	532.5714285714286	297.5094	526.3513
370	241.0	322.0	191.9277	293.1872
378	219.0	90.0	211.1359	92.615105
380	211.0	97.0	200.3227	110.87656
402	369.66666666666674	623.6666666666667	367.5208	631.1292
409	349.0	615.0	374.23398	637.7223
411	349.0	610.0	373.67413	639.3735
431	412.0	83.0	421.91626	95.085045
434	421.0	82.5	408.97125	88.22814
453	120.0	476.99999999999994	130.8649	487.45963
460	150.0	577.0	157.5533	576.6432
474	143.0	442.0	152.67764	414.55234
495	108.0	580.0	115.67362	572.67163
498	126.0	593.0	116.09401	573.4949
499	127.0	584.0	119.76562	567.63635
502	129.0	554.0	120.37851	558.167
506	122.33333333333334	545.0	120.837425	547.933
523	209.0	272.0	187.26724	218.83417
535	216.0	383.0	296.8416	387.41562
560	358.0	594.0	368.8775	626.2773
564	348.0	660.0	371.83038	634.1938
583	360.0	554.0	376.29227	567.75977
586	393.0	645.0	395.07315	647.4662
619	141.0	609.0	136.34422	557.39667
624	253.0	407.0	210.00102	402.11032
632	411.0	264.0	440.78735	222.86269
634	416.5	266.5	429.74402	143.99396
640	462.0	128.5	451.40073	140.92975
645	348.0	126.0	344.4826	179.19551
653	197.0	413.0	165.79727	383.7344
655	129.0	459.0	128.98468	484.76804
665	305.0	387.0	314.42828	392.90118
671	402.0	236.0	393.65173	253.75032
679	413.0	210.0	365.38467	169.79681
682	385.00000000000006	155.33333333333334	367.09482	114.398254
687	340.0	301.0	350.4759	322.06378
689	326.0	408.0	331.75134	435.58112
702	211.0	106.0	188.30806	199.769
706	304.0	493.0	338.85217	511.50058
707	332.0	495.0	342.32214	534.7372
712	354.0	618.0	368.91068	620.58057
728	336.0	297.0	358.0589	301.8453
739	403.0	107.0	396.2498	89.83496
746	350.0	306.0	341.50018	327.06827
763	195.0	175.0	194.44568	134.70773
772	171.0	201.0	164.72592	211.97063
774	165.0	270.0	175.08386	246.6747
775	159.0	336.0	156.73119	342.2158
776	158.0	399.0	159.26874	403.97565
778	152.0	453.0	135.91461	431.0451
783	106.0	625.0	137.89574	595.4412
794	114.0	617.5	127.1588	547.88794
823	316.0	242.0	342.45612	260.25262
830	314.0	197.0	316.47424	184.02444
842	319.0	221.0	335.63177	253.51031
849	169.0	414.0	172.32785	425.98483
869	147.0	540.5714285714286	145.75336	553.42175
874	150.0	417.0	152.05486	513.2671
883	187.71428571428572	183.85714285714283	180.35397	124.9671
884	182.0	217.0	189.52667	144.76459
885	183.0	250.0	201.7524	248.18431
904	353.0	634.0	381.34448	631.84296
951	202.0	223.0	205.57098	295.67902
960	156.0	174.0	163.87021	165.21793
970	104.0	544.0	113.18611	518.71564
983	212.0	418.0	179.338	467.95798
998	405.0	237.00000000000003	380.79547	212.24847
1009	374.0	337.0	368.92932	291.8774
1024	172.0	192.0	177.4584	163.96152
1033	236.0	119.0	218.48538	94.98506
12	451.0	110.0	459.63626	133.28188
22	330.0	517.0	323.95898	475.82614
32	405.71428571428567	656.8571428571429	385.82346	644.7342
35	408.28571428571433	652.1428571428571	406.24405	646.0501
65	203.0	95.0	211.93176	107.37789
84	181.0	251.0	204.96861	252.74289
107	157.0	565.0	157.67572	566.2418
109	160.0	544.0	167.25914	548.58435
119	271.0	428.00000000000006	285.78064	406.56155
125	287.75	535.25	294.35852	523.7991
144	140.0	566.0	139.08162	579.5141
149	145.0	556.0	147.80219	590.6543
150	142.0	598.0	147.7972	592.43115
153	133.71428571428572	600.0	140.50912	583.5573
160	102.625	563.875	113.71443	546.18164
161	103.5	561.5	119.87874	561.7773
174	194.0	209.0	215.6328	276.78583
176	216.00000000000006	88.33333333333334	214.92914	99.248566
181	217.6	89.4	210.52019	107.98256
185	194.0	111.0	194.49916	117.49762
206	338.0	639.0	358.32355	633.1251
215	341.0	590.0	354.45877	549.30164
217	328.0	458.0	335.2268	458.64868
229	476.0	107.0	416.21063	112.28664
236	313.0	199.0	319.26904	191.93588
237	314.0	213.0	322.3092	205.91278
240	320.0	232.5	311.6199	207.84613
258	370.0	320.0	355.12625	313.42322
260	328.0	381.0	307.57675	386.7441
277	198.0	408.0	209.35333	427.1633
283	114.0	479.99999999999994	117.584816	481.77896
296	197.0	215.0	192.68265	231.81314
297	199.0	207.0	192.23659	246.9212
305	168.0	194.0	187.06543	196.05193
319	123.0	478.99999999999994	166.80219	443.34924
323	155.0	562.0	142.10587	557.2954
326	156.0	573.5	131.71133	590.5807
330	145.75	585.25	134.28441	608.84216
345	303.0	470.0	251.50508	435.27878
358	369.0	417.0	314.26935	416.61685
382	199.25	103.75	211.80896	102.57184
383	196.5	106.5	208.05087	107.6944
385	191.0	112.0	199.45361	116.3762
389	161.0	322.0	171.65823	222.0297
396	327.0	421.99999999999994	314.66333	430.48016
401	368.0	614.0	344.8994	599.9387
443	319.0	312.0	336.3354	271.21628
472	194.0	418.0	210.60757	404.21716
493	119.0	555.0	119.181595	590.5343
505	121.66666666666669	548.0	126.429565	555.96985
508	123.0	542.5	126.03123	540.8323
511	129.0	505.0	136.18858	506.98972
518	152.0	267.0	194.27402	288.29303
520	188.5	227.5	197.46288	226.69179
531	208.0	96.0	181.69229	188.3446
537	335.0	360.0	324.12305	374.48123
547	368.0	101.0	433.71378	145.21909
548	487.0	166.0	464.01642	233.38045
550	459.0	335.0	477.51468	272.83307
567	372.0	667.0	374.8401	633.8106
570	380.125	651.25	374.20044	624.7777
575	355.0	534.0	369.87	607.3833
582	360.0	533.0	313.82117	534.9708
584	362.0	576.0	351.37515	557.71765
585	382.0	613.0	360.9469	618.92
589	341.0	506.0	342.17697	520.8059
591	317.0	444.0	336.60223	459.75272
597	138.0	449.0	160.58566	423.2968
604	110.85714285714286	488.0	117.21453	478.78793
621	130.0	468.0	169.15579	430.4996
648	336.0	216.0	318.4581	183.80505
649	336.0	243.0	331.46735	315.8427
683	389.00000000000006	153.66666666666669	392.00552	164.95572
686	360.0	263.0	352.31464	206.98917
695	274.0	518.0	256.11533	425.5751
750	313.0	395.0	322.5086	402.1469
752	278.0	410.0	286.59528	409.53665
757	186.5	310.5	181.67143	325.94653
761	185.0	208.0	189.03629	210.06404
773	169.0	234.0	159.79935	200.72484
781	101.0	552.0	112.60788	542.17053
789	111.0	619.0	115.76969	611.6027
807	235.0	419.0	246.19482	463.59903
808	273.0	445.0	309.22223	507.77927
861	102.75	533.0	108.319824	541.88025
870	147.0	539.8571428571429	151.69606	551.83136
889	199.0	389.0	180.18015	396.4249
893	350.0	546.0	348.23224	495.36136
898	347.0	610.0	356.2668	630.3093
909	336.66666666666674	451.33333333333337	320.6223	460.01443
911	346.0	446.0	342.41748	412.53116
913	338.0	532.0	358.24484	504.8591
919	349.0	476.0	357.1394	520.41895
943	337.0	321.0	332.63092	363.3712
956	162.0	143.0	175.51405	141.87796
961	161.0	204.0	178.80714	198.67545
974	116.0	547.0	112.50665	552.1217
979	157.0	627.0	146.23575	610.7712
981	135.0	577.0	131.84308	587.10046
985	278.0	465.0	188.34557	460.69867
997	404.0	236.00000000000003	387.50116	182.4846
1010	338.0	383.0	312.25934	382.89825
1021	218.0	311.0	194.62961	270.1925
1028	161.5	96.0	189.60904	117.15019
