1662736148	2022-09-09 17:09:08	8139	-85.59
1662736148	2022-09-09 17:09:08	28079	-79.82
1662736148	2022-09-09 17:09:08	31176	-87.73
1662736148	2022-09-09 17:09:08	38719	-84.26
1662736149	2022-09-09 17:09:09	8139	-87.08
1662736149	2022-09-09 17:09:09	28079	-80.96
1662736149	2022-09-09 17:09:09	31176	-89.4
1662736149	2022-09-09 17:09:09	38719	-85.53
1662736150	2022-09-09 17:09:10	8139	-86.76
1662736150	2022-09-09 17:09:10	28079	-81.12
1662736150	2022-09-09 17:09:10	31176	-90.57
1662736150	2022-09-09 17:09:10	38719	-85.86
1662736151	2022-09-09 17:09:11	8139	-85.37
1662736151	2022-09-09 17:09:11	28079	-80.25
1662736151	2022-09-09 17:09:11	31176	-86.61
1662736151	2022-09-09 17:09:11	38719	-86.07
1662736152	2022-09-09 17:09:12	8139	-85.18
1662736152	2022-09-09 17:09:12	28079	-80.57
1662736152	2022-09-09 17:09:12	31176	-87.43
1662736152	2022-09-09 17:09:12	38719	-84.78
1662736153	2022-09-09 17:09:13	8139	-85.85
1662736153	2022-09-09 17:09:13	28079	-80.1
1662736153	2022-09-09 17:09:13	31176	-86.44
1662736153	2022-09-09 17:09:13	38719	-86.42
1662736155	2022-09-09 17:09:15	8139	-87.82
1662736155	2022-09-09 17:09:15	28079	-80.28
1662736155	2022-09-09 17:09:15	31176	-86.9
1662736155	2022-09-09 17:09:15	38719	-85.19
1662736155	2022-09-09 17:09:15	8139	-87.81
1662736155	2022-09-09 17:09:15	28079	-80.22
1662736155	2022-09-09 17:09:15	31176	-88.27
1662736155	2022-09-09 17:09:15	38719	-86.69
1662736156	2022-09-09 17:09:16	8139	-84.24
1662736156	2022-09-09 17:09:16	28079	-80.27
1662736156	2022-09-09 17:09:16	31176	-87.91
1662736156	2022-09-09 17:09:16	38719	-84.54
1662736157	2022-09-09 17:09:17	8139	-81.72
1662736157	2022-09-09 17:09:17	28079	-80.63
1662736157	2022-09-09 17:09:17	31176	-87.32
1662736157	2022-09-09 17:09:17	38719	-86.75
1662736158	2022-09-09 17:09:18	8139	-85.92
1662736158	2022-09-09 17:09:18	28079	-80.46
1662736158	2022-09-09 17:09:18	31176	-88.56
1662736158	2022-09-09 17:09:18	38719	-85.7
1662736159	2022-09-09 17:09:19	8139	-85.58
1662736159	2022-09-09 17:09:19	28079	-80.04
1662736159	2022-09-09 17:09:19	31176	-87.79
1662736159	2022-09-09 17:09:19	38719	-85.06
1662736160	2022-09-09 17:09:20	8139	-83.88
1662736160	2022-09-09 17:09:20	28079	-80.85
1662736160	2022-09-09 17:09:20	31176	-87.32
1662736160	2022-09-09 17:09:20	38719	-85.61
1662736161	2022-09-09 17:09:21	8139	-84.57
1662736161	2022-09-09 17:09:21	28079	-80.93
1662736161	2022-09-09 17:09:21	31176	-86.74
1662736161	2022-09-09 17:09:21	38719	-86.52
1662736162	2022-09-09 17:09:22	8139	-85.04
1662736162	2022-09-09 17:09:22	28079	-80.09
1662736162	2022-09-09 17:09:22	31176	-86.34
1662736162	2022-09-09 17:09:22	38719	-85.62
1662736163	2022-09-09 17:09:23	8139	-84.01
1662736163	2022-09-09 17:09:23	28079	-80.54
1662736163	2022-09-09 17:09:23	31176	-86.9
1662736163	2022-09-09 17:09:23	38719	-85.91
1662736164	2022-09-09 17:09:24	8139	-84.38
1662736164	2022-09-09 17:09:24	28079	-81.21
1662736164	2022-09-09 17:09:24	31176	-88.88
1662736164	2022-09-09 17:09:24	38719	-86.46
1662736165	2022-09-09 17:09:25	8139	-83.06
1662736165	2022-09-09 17:09:25	28079	-81.04
1662736165	2022-09-09 17:09:25	31176	-85.42
1662736165	2022-09-09 17:09:25	38719	-83.72
1662736166	2022-09-09 17:09:26	8139	-84.69
1662736166	2022-09-09 17:09:26	28079	-80.93
1662736166	2022-09-09 17:09:26	31176	-86.76
1662736166	2022-09-09 17:09:26	38719	-86.8
1662736167	2022-09-09 17:09:27	8139	-81.65
1662736167	2022-09-09 17:09:27	28079	-80.85
1662736167	2022-09-09 17:09:27	31176	-85.04
1662736167	2022-09-09 17:09:27	38719	-82.08
1662736168	2022-09-09 17:09:28	8139	-81.53
1662736168	2022-09-09 17:09:28	28079	-82.52
1662736168	2022-09-09 17:09:28	31176	-82.84
1662736168	2022-09-09 17:09:28	38719	-80.62
1662736169	2022-09-09 17:09:29	8139	-85.91
1662736169	2022-09-09 17:09:29	28079	-80.67
1662736169	2022-09-09 17:09:29	31176	-82.43
1662736169	2022-09-09 17:09:29	38719	-83.3
1662736170	2022-09-09 17:09:30	8139	-87.01
1662736170	2022-09-09 17:09:30	28079	-80.86
1662736170	2022-09-09 17:09:30	31176	-81.69
1662736170	2022-09-09 17:09:30	38719	-84.68
1662736171	2022-09-09 17:09:31	8139	-86.16
1662736171	2022-09-09 17:09:31	28079	-80.36
1662736171	2022-09-09 17:09:31	31176	-80.59
1662736171	2022-09-09 17:09:31	38719	-84.25
1662736172	2022-09-09 17:09:32	8139	-87.06
1662736172	2022-09-09 17:09:32	28079	-80.17
1662736172	2022-09-09 17:09:32	31176	-81
1662736172	2022-09-09 17:09:32	38719	-86.13
1662736173	2022-09-09 17:09:33	8139	-89.19
1662736173	2022-09-09 17:09:33	28079	-80.35
1662736173	2022-09-09 17:09:33	31176	-83.12
1662736173	2022-09-09 17:09:33	38719	-84.05
1662736174	2022-09-09 17:09:34	8139	-86.62
1662736174	2022-09-09 17:09:34	28079	-80.62
1662736174	2022-09-09 17:09:34	31176	-81.57
1662736174	2022-09-09 17:09:34	38719	-84.58
1662736175	2022-09-09 17:09:35	8139	-86.01
1662736175	2022-09-09 17:09:35	28079	-80.76
1662736175	2022-09-09 17:09:35	31176	-83.97
1662736175	2022-09-09 17:09:35	38719	-83.46
1662736176	2022-09-09 17:09:36	8139	-86.44
1662736176	2022-09-09 17:09:36	28079	-80.1
1662736176	2022-09-09 17:09:36	31176	-82.37
1662736176	2022-09-09 17:09:36	38719	-87.55
1662736177	2022-09-09 17:09:37	8139	-85.98
1662736177	2022-09-09 17:09:37	28079	-80.58
1662736177	2022-09-09 17:09:37	31176	-84.52
1662736177	2022-09-09 17:09:37	38719	-85.87
1662736178	2022-09-09 17:09:38	8139	-87.08
1662736178	2022-09-09 17:09:38	28079	-80.85
1662736178	2022-09-09 17:09:38	31176	-82.01
1662736178	2022-09-09 17:09:38	38719	-87.59
1662736179	2022-09-09 17:09:39	8139	-87.74
1662736179	2022-09-09 17:09:39	28079	-80.94
1662736179	2022-09-09 17:09:39	31176	-85.23
1662736179	2022-09-09 17:09:39	38719	-92.36
1662736180	2022-09-09 17:09:40	8139	-92.46
1662736180	2022-09-09 17:09:40	28079	-81.49
1662736180	2022-09-09 17:09:40	31176	-83.08
1662736180	2022-09-09 17:09:40	38719	-93.29
1662736181	2022-09-09 17:09:41	8139	-87.99
1662736181	2022-09-09 17:09:41	28079	-80.93
1662736181	2022-09-09 17:09:41	31176	-87.34
1662736181	2022-09-09 17:09:41	38719	-89.2
1662736182	2022-09-09 17:09:42	8139	-86.49
1662736182	2022-09-09 17:09:42	28079	-80.49
1662736182	2022-09-09 17:09:42	31176	-89.05
1662736182	2022-09-09 17:09:42	38719	-85.04
1662736183	2022-09-09 17:09:43	8139	-83.61
1662736183	2022-09-09 17:09:43	28079	-80.67
1662736183	2022-09-09 17:09:43	31176	-86.13
1662736183	2022-09-09 17:09:43	38719	-84.16
1662736184	2022-09-09 17:09:44	28079	-80.48
1662736184	2022-09-09 17:09:44	31176	-84.97
1662736184	2022-09-09 17:09:44	38719	-81.63
1662736185	2022-09-09 17:09:45	8139	-82.22
1662736185	2022-09-09 17:09:45	28079	-82.01
1662736185	2022-09-09 17:09:45	31176	-87.89
1662736185	2022-09-09 17:09:45	38719	-82.09
1662736186	2022-09-09 17:09:46	8139	-80.72
1662736186	2022-09-09 17:09:46	28079	-84.05
1662736186	2022-09-09 17:09:46	31176	-88.72
1662736186	2022-09-09 17:09:46	38719	-80.67
1662736187	2022-09-09 17:09:47	8139	-81.87
1662736187	2022-09-09 17:09:47	28079	-84.48
1662736187	2022-09-09 17:09:47	31176	-94.72
1662736187	2022-09-09 17:09:47	38719	-81.06
1662736188	2022-09-09 17:09:48	8139	-81.61
1662736188	2022-09-09 17:09:48	28079	-82.67
1662736188	2022-09-09 17:09:48	31176	-89.57
1662736188	2022-09-09 17:09:48	38719	-80.77
1662736189	2022-09-09 17:09:49	8139	-81.22
1662736189	2022-09-09 17:09:49	28079	-83.62
1662736189	2022-09-09 17:09:49	31176	-91.73
1662736189	2022-09-09 17:09:49	38719	-80.34
1662736190	2022-09-09 17:09:50	8139	-81.32
1662736190	2022-09-09 17:09:50	28079	-85
1662736190	2022-09-09 17:09:50	31176	-94.42
1662736190	2022-09-09 17:09:50	38719	-81.3
1662736191	2022-09-09 17:09:51	8139	-80.96
1662736191	2022-09-09 17:09:51	28079	-84.17
1662736191	2022-09-09 17:09:51	31176	-94.07
1662736191	2022-09-09 17:09:51	38719	-81.7
1662736192	2022-09-09 17:09:52	8139	-80.77
1662736192	2022-09-09 17:09:52	28079	-83.35
1662736192	2022-09-09 17:09:52	31176	-90.76
1662736192	2022-09-09 17:09:52	38719	-80.5
1662736193	2022-09-09 17:09:53	8139	-80.67
1662736193	2022-09-09 17:09:53	28079	-83.9
1662736193	2022-09-09 17:09:53	31176	-87.84
1662736193	2022-09-09 17:09:53	38719	-80.23
1662736194	2022-09-09 17:09:54	8139	-80.53
1662736194	2022-09-09 17:09:54	28079	-85.87
1662736194	2022-09-09 17:09:54	31176	-88.2
1662736194	2022-09-09 17:09:54	38719	-81.48
1662736195	2022-09-09 17:09:55	8139	-82.03
1662736195	2022-09-09 17:09:55	28079	-86.08
1662736195	2022-09-09 17:09:55	31176	-82.23
1662736195	2022-09-09 17:09:55	38719	-81.64
1662736196	2022-09-09 17:09:56	8139	-81.99
1662736196	2022-09-09 17:09:56	28079	-81.88
1662736196	2022-09-09 17:09:56	31176	-85.97
1662736196	2022-09-09 17:09:56	38719	-81.49
1662736197	2022-09-09 17:09:57	8139	-80.9
1662736197	2022-09-09 17:09:57	28079	-82.01
1662736197	2022-09-09 17:09:57	31176	-90.62
1662736197	2022-09-09 17:09:57	38719	-80.1
1662736198	2022-09-09 17:09:58	8139	-80.72
1662736198	2022-09-09 17:09:58	28079	-83.04
1662736198	2022-09-09 17:09:58	31176	-87.98
1662736198	2022-09-09 17:09:58	38719	-81.45
1662736199	2022-09-09 17:09:59	8139	-80.67
1662736199	2022-09-09 17:09:59	28079	-83.64
1662736199	2022-09-09 17:09:59	31176	-87.81
1662736199	2022-09-09 17:09:59	38719	-81.78
1662736200	2022-09-09 17:10:00	8139	-80.22
1662736200	2022-09-09 17:10:00	28079	-82.03
1662736200	2022-09-09 17:10:00	31176	-86.07
1662736200	2022-09-09 17:10:00	38719	-82.64
1662736201	2022-09-09 17:10:01	8139	-80.53
1662736201	2022-09-09 17:10:01	28079	-84.07
1662736201	2022-09-09 17:10:01	31176	-89.69
1662736201	2022-09-09 17:10:01	38719	-83.86
1662736202	2022-09-09 17:10:02	8139	-79.92
1662736202	2022-09-09 17:10:02	28079	-84.78
1662736202	2022-09-09 17:10:02	31176	-89.02
1662736202	2022-09-09 17:10:02	38719	-83.04
1662736203	2022-09-09 17:10:03	8139	-80.43
1662736203	2022-09-09 17:10:03	28079	-83.82
1662736203	2022-09-09 17:10:03	31176	-90.43
1662736203	2022-09-09 17:10:03	38719	-83.38
1662736204	2022-09-09 17:10:04	8139	-80.34
1662736204	2022-09-09 17:10:04	28079	-82.07
1662736204	2022-09-09 17:10:04	31176	-87.81
1662736204	2022-09-09 17:10:04	38719	-82.99
1662736205	2022-09-09 17:10:05	8139	-80.31
1662736205	2022-09-09 17:10:05	28079	-82.08
1662736205	2022-09-09 17:10:05	31176	-90.16
1662736205	2022-09-09 17:10:05	38719	-82.64
1662736206	2022-09-09 17:10:06	8139	-80.52
1662736206	2022-09-09 17:10:06	28079	-83.43
1662736206	2022-09-09 17:10:06	31176	-88.98
1662736206	2022-09-09 17:10:06	38719	-82.92
1662736207	2022-09-09 17:10:07	8139	-81.03
1662736207	2022-09-09 17:10:07	28079	-83.86
1662736207	2022-09-09 17:10:07	31176	-88.72
1662736207	2022-09-09 17:10:07	38719	-82.31
1662736208	2022-09-09 17:10:08	8139	-80.35
1662736208	2022-09-09 17:10:08	28079	-83.69
1662736208	2022-09-09 17:10:08	31176	-89.49
1662736208	2022-09-09 17:10:08	38719	-83.57
1662736209	2022-09-09 17:10:09	8139	-80.41
1662736209	2022-09-09 17:10:09	28079	-85.73
1662736209	2022-09-09 17:10:09	31176	-88.35
1662736209	2022-09-09 17:10:09	38719	-82.65
1662736210	2022-09-09 17:10:10	8139	-80.33
1662736210	2022-09-09 17:10:10	28079	-84.92
1662736210	2022-09-09 17:10:10	31176	-88.06
1662736210	2022-09-09 17:10:10	38719	-83.14
1662736211	2022-09-09 17:10:11	8139	-80.15
1662736211	2022-09-09 17:10:11	28079	-86.71
1662736211	2022-09-09 17:10:11	31176	-88.05
1662736211	2022-09-09 17:10:11	38719	-82.99
1662736212	2022-09-09 17:10:12	8139	-80.74
1662736212	2022-09-09 17:10:12	28079	-85.27
1662736212	2022-09-09 17:10:12	31176	-87.72
1662736212	2022-09-09 17:10:12	38719	-83.01
1662736213	2022-09-09 17:10:13	8139	-79.85
1662736213	2022-09-09 17:10:13	28079	-83.12
1662736213	2022-09-09 17:10:13	31176	-88.44
1662736213	2022-09-09 17:10:13	38719	-83.02
1662736214	2022-09-09 17:10:14	8139	-80.07
1662736214	2022-09-09 17:10:14	28079	-82.25
1662736214	2022-09-09 17:10:14	31176	-87.56
1662736214	2022-09-09 17:10:14	38719	-82.57
1662736215	2022-09-09 17:10:15	8139	-79.71
1662736215	2022-09-09 17:10:15	28079	-82.36
1662736215	2022-09-09 17:10:15	31176	-86.59
1662736215	2022-09-09 17:10:15	38719	-83.38
1662736216	2022-09-09 17:10:16	8139	-80.1
1662736216	2022-09-09 17:10:16	28079	-82.67
1662736216	2022-09-09 17:10:16	31176	-86.64
1662736216	2022-09-09 17:10:16	38719	-83.75
1662736217	2022-09-09 17:10:17	8139	-79.91
1662736217	2022-09-09 17:10:17	28079	-83.87
1662736217	2022-09-09 17:10:17	31176	-84.96
1662736217	2022-09-09 17:10:17	38719	-81.75
1662736218	2022-09-09 17:10:18	8139	-78.81
1662736218	2022-09-09 17:10:18	28079	-84.56
1662736218	2022-09-09 17:10:18	31176	-85
1662736218	2022-09-09 17:10:18	38719	-81.34
1662736219	2022-09-09 17:10:19	8139	-81.01
1662736219	2022-09-09 17:10:19	28079	-81.83
1662736219	2022-09-09 17:10:19	31176	-86.44
1662736219	2022-09-09 17:10:19	38719	-83.08
1662736220	2022-09-09 17:10:20	8139	-81.75
1662736220	2022-09-09 17:10:20	28079	-80.42
1662736220	2022-09-09 17:10:20	31176	-83.02
1662736220	2022-09-09 17:10:20	38719	-82.45
1662736221	2022-09-09 17:10:21	8139	-81.38
1662736221	2022-09-09 17:10:21	28079	-80.49
1662736221	2022-09-09 17:10:21	31176	-84.01
1662736221	2022-09-09 17:10:21	38719	-83.51
1662736222	2022-09-09 17:10:22	8139	-81.97
1662736222	2022-09-09 17:10:22	28079	-80.71
1662736222	2022-09-09 17:10:22	31176	-82.78
1662736222	2022-09-09 17:10:22	38719	-83.68
1662736223	2022-09-09 17:10:23	8139	-82.9
1662736223	2022-09-09 17:10:23	28079	-80.9
1662736223	2022-09-09 17:10:23	31176	-82.22
1662736223	2022-09-09 17:10:23	38719	-83.94
1662736224	2022-09-09 17:10:24	8139	-83.06
1662736224	2022-09-09 17:10:24	28079	-80.15
1662736224	2022-09-09 17:10:24	31176	-83.72
1662736224	2022-09-09 17:10:24	38719	-85.05
1662736225	2022-09-09 17:10:25	8139	-84.9
1662736225	2022-09-09 17:10:25	28079	-80.61
1662736225	2022-09-09 17:10:25	31176	-86.02
1662736225	2022-09-09 17:10:25	38719	-84.31
1662736226	2022-09-09 17:10:26	8139	-87.34
1662736226	2022-09-09 17:10:26	28079	-80.58
1662736226	2022-09-09 17:10:26	31176	-84.73
1662736226	2022-09-09 17:10:26	38719	-86.13
1662736227	2022-09-09 17:10:27	8139	-86.34
1662736227	2022-09-09 17:10:27	28079	-80.23
1662736227	2022-09-09 17:10:27	31176	-85.19
1662736227	2022-09-09 17:10:27	38719	-85.01
1662736228	2022-09-09 17:10:28	8139	-85.88
1662736228	2022-09-09 17:10:28	28079	-80.85
1662736228	2022-09-09 17:10:28	31176	-83.54
1662736228	2022-09-09 17:10:28	38719	-85
1662736229	2022-09-09 17:10:29	8139	-85.54
1662736229	2022-09-09 17:10:29	28079	-80.36
1662736229	2022-09-09 17:10:29	31176	-84.43
1662736229	2022-09-09 17:10:29	38719	-86.86
1662736230	2022-09-09 17:10:30	8139	-88.9
1662736230	2022-09-09 17:10:30	28079	-80.6
1662736230	2022-09-09 17:10:30	31176	-84.73
1662736230	2022-09-09 17:10:30	38719	-85.2
1662736231	2022-09-09 17:10:31	8139	-85.79
1662736231	2022-09-09 17:10:31	28079	-80.71
1662736231	2022-09-09 17:10:31	31176	-84.38
1662736231	2022-09-09 17:10:31	38719	-85.77
1662736232	2022-09-09 17:10:32	8139	-84.82
1662736232	2022-09-09 17:10:32	28079	-80.93
1662736232	2022-09-09 17:10:32	31176	-85.76
1662736232	2022-09-09 17:10:32	38719	-87.06
1662736233	2022-09-09 17:10:33	8139	-86.25
1662736233	2022-09-09 17:10:33	28079	-81.29
1662736233	2022-09-09 17:10:33	31176	-84.52
1662736233	2022-09-09 17:10:33	38719	-86.79
1662736234	2022-09-09 17:10:34	8139	-86.64
1662736234	2022-09-09 17:10:34	28079	-81.89
1662736234	2022-09-09 17:10:34	31176	-84.61
1662736234	2022-09-09 17:10:34	38719	-85.23
1662736235	2022-09-09 17:10:35	8139	-87.08
1662736235	2022-09-09 17:10:35	28079	-84.37
1662736235	2022-09-09 17:10:35	31176	-82.39
1662736235	2022-09-09 17:10:35	38719	-83.09
1662736236	2022-09-09 17:10:36	8139	-83.48
1662736236	2022-09-09 17:10:36	28079	-80.83
1662736236	2022-09-09 17:10:36	31176	-84.08
1662736236	2022-09-09 17:10:36	38719	-81.05
1662736237	2022-09-09 17:10:37	8139	-83.87
1662736237	2022-09-09 17:10:37	28079	-80.7
1662736237	2022-09-09 17:10:37	31176	-85.83
1662736237	2022-09-09 17:10:37	38719	-82.72
1662736238	2022-09-09 17:10:38	8139	-81.39
1662736238	2022-09-09 17:10:38	28079	-85.04
1662736238	2022-09-09 17:10:38	31176	-84.84
1662736238	2022-09-09 17:10:38	38719	-81.54
1662736239	2022-09-09 17:10:39	8139	-82.01
1662736239	2022-09-09 17:10:39	28079	-83.41
1662736239	2022-09-09 17:10:39	31176	-83.43
1662736239	2022-09-09 17:10:39	38719	-81.43
1662736240	2022-09-09 17:10:40	8139	-80.71
1662736240	2022-09-09 17:10:40	28079	-84.69
1662736240	2022-09-09 17:10:40	31176	-83.76
1662736240	2022-09-09 17:10:40	38719	-81.45
1662736241	2022-09-09 17:10:41	8139	-81.65
1662736241	2022-09-09 17:10:41	28079	-84.07
1662736241	2022-09-09 17:10:41	31176	-79.95
1662736241	2022-09-09 17:10:41	38719	-82.69
1662736242	2022-09-09 17:10:42	8139	-81.25
1662736242	2022-09-09 17:10:42	28079	-85
1662736242	2022-09-09 17:10:42	31176	-80.54
1662736242	2022-09-09 17:10:42	38719	-82.87
1662736243	2022-09-09 17:10:43	8139	-87.64
1662736243	2022-09-09 17:10:43	28079	-85.08
1662736243	2022-09-09 17:10:43	31176	-80.79
1662736243	2022-09-09 17:10:43	38719	-89.32
1662736244	2022-09-09 17:10:44	8139	-87.76
1662736244	2022-09-09 17:10:44	28079	-83.06
1662736244	2022-09-09 17:10:44	31176	-80.92
1662736244	2022-09-09 17:10:44	38719	-91.08
1662736245	2022-09-09 17:10:45	8139	-93.64
1662736245	2022-09-09 17:10:45	28079	-83.72
1662736245	2022-09-09 17:10:45	31176	-80.69
1662736245	2022-09-09 17:10:45	38719	-94.3
1662736246	2022-09-09 17:10:46	8139	-95.05
1662736246	2022-09-09 17:10:46	28079	-82.01
1662736246	2022-09-09 17:10:46	31176	-81
1662736246	2022-09-09 17:10:46	38719	-92.96
1662736247	2022-09-09 17:10:47	8139	-89.96
1662736247	2022-09-09 17:10:47	28079	-84.02
1662736247	2022-09-09 17:10:47	31176	-81.09
1662736247	2022-09-09 17:10:47	38719	-93.38
1662736248	2022-09-09 17:10:48	8139	-90.19
1662736248	2022-09-09 17:10:48	28079	-85.73
1662736248	2022-09-09 17:10:48	31176	-81.15
1662736248	2022-09-09 17:10:48	38719	-84.88
1662736249	2022-09-09 17:10:49	8139	-89.97
1662736249	2022-09-09 17:10:49	28079	-87.13
1662736249	2022-09-09 17:10:49	31176	-80.66
1662736249	2022-09-09 17:10:49	38719	-87.2
1662736250	2022-09-09 17:10:50	8139	-91.87
1662736250	2022-09-09 17:10:50	28079	-83.98
1662736250	2022-09-09 17:10:50	31176	-81.18
1662736250	2022-09-09 17:10:50	38719	-89.6
1662736251	2022-09-09 17:10:51	8139	-89.2
1662736251	2022-09-09 17:10:51	28079	-82.35
1662736251	2022-09-09 17:10:51	31176	-80.88
1662736251	2022-09-09 17:10:51	38719	-90.9
1662736252	2022-09-09 17:10:52	8139	-87.74
1662736252	2022-09-09 17:10:52	28079	-83.37
1662736252	2022-09-09 17:10:52	31176	-81.27
1662736252	2022-09-09 17:10:52	38719	-93.59
1662736253	2022-09-09 17:10:53	8139	-88.93
1662736253	2022-09-09 17:10:53	28079	-84.19
1662736253	2022-09-09 17:10:53	31176	-81.74
1662736253	2022-09-09 17:10:53	38719	-89.49
1662736254	2022-09-09 17:10:54	8139	-88.9
1662736254	2022-09-09 17:10:54	28079	-81.54
1662736254	2022-09-09 17:10:54	31176	-81.39
1662736254	2022-09-09 17:10:54	38719	-91.27
1662736255	2022-09-09 17:10:55	8139	-86.68
1662736255	2022-09-09 17:10:55	28079	-83.01
1662736255	2022-09-09 17:10:55	31176	-80.85
1662736255	2022-09-09 17:10:55	38719	-90.9
1662736256	2022-09-09 17:10:56	28079	-81.77
1662736257	2022-09-09 17:10:57	8139	-87.9
1662736257	2022-09-09 17:10:57	28079	-81.72
1662736257	2022-09-09 17:10:57	31176	-81.53
1662736257	2022-09-09 17:10:57	38719	-87.79
1662736258	2022-09-09 17:10:58	8139	-91.41
1662736258	2022-09-09 17:10:58	28079	-81.96
1662736258	2022-09-09 17:10:58	31176	-81.52
1662736258	2022-09-09 17:10:58	38719	-90.74
1662736259	2022-09-09 17:10:59	8139	-91.83
1662736259	2022-09-09 17:10:59	28079	-81.37
1662736259	2022-09-09 17:10:59	31176	-83.39
1662736259	2022-09-09 17:10:59	38719	-92.58
1662736260	2022-09-09 17:11:00	8139	-87.57
1662736260	2022-09-09 17:11:00	28079	-80.76
1662736260	2022-09-09 17:11:00	31176	-81.29
1662736260	2022-09-09 17:11:00	38719	-91.06
1662736261	2022-09-09 17:11:01	8139	-86.99
1662736261	2022-09-09 17:11:01	28079	-84.81
1662736261	2022-09-09 17:11:01	31176	-80.62
1662736261	2022-09-09 17:11:01	38719	-88.59
1662736262	2022-09-09 17:11:02	8139	-87.5
1662736262	2022-09-09 17:11:02	28079	-81.93
1662736262	2022-09-09 17:11:02	31176	-81.04
1662736262	2022-09-09 17:11:02	38719	-90.44
1662736263	2022-09-09 17:11:03	8139	-89.14
1662736263	2022-09-09 17:11:03	28079	-85.09
1662736263	2022-09-09 17:11:03	31176	-80.47
1662736263	2022-09-09 17:11:03	38719	-85.12
1662736264	2022-09-09 17:11:04	8139	-86.34
1662736264	2022-09-09 17:11:04	28079	-86.54
1662736264	2022-09-09 17:11:04	31176	-80.84
1662736265	2022-09-09 17:11:05	8139	-86.68
1662736265	2022-09-09 17:11:05	28079	-85.35
1662736265	2022-09-09 17:11:05	31176	-80.81
1662736265	2022-09-09 17:11:05	38719	-85.98
1662736266	2022-09-09 17:11:06	8139	-86.46
1662736266	2022-09-09 17:11:06	28079	-85.73
1662736266	2022-09-09 17:11:06	31176	-79.9
1662736266	2022-09-09 17:11:06	38719	-88.06
1662736267	2022-09-09 17:11:07	8139	-87.89
1662736267	2022-09-09 17:11:07	28079	-88.68
1662736267	2022-09-09 17:11:07	31176	-80.7
1662736267	2022-09-09 17:11:07	38719	-92.5
1662736268	2022-09-09 17:11:08	8139	-89.71
1662736268	2022-09-09 17:11:08	28079	-86.03
1662736268	2022-09-09 17:11:08	31176	-80.91
1662736268	2022-09-09 17:11:08	38719	-89.65
1662736269	2022-09-09 17:11:09	8139	-88.58
1662736269	2022-09-09 17:11:09	28079	-86.04
1662736269	2022-09-09 17:11:09	31176	-80.92
1662736269	2022-09-09 17:11:09	38719	-95.83
1662736270	2022-09-09 17:11:10	8139	-88.12
1662736270	2022-09-09 17:11:10	28079	-85.53
1662736270	2022-09-09 17:11:10	31176	-80.68
1662736270	2022-09-09 17:11:10	38719	-90.09
1662736271	2022-09-09 17:11:11	8139	-86.34
1662736271	2022-09-09 17:11:11	28079	-89.74
1662736271	2022-09-09 17:11:11	31176	-80.81
1662736271	2022-09-09 17:11:11	38719	-89.14
1662736272	2022-09-09 17:11:12	8139	-92.82
1662736272	2022-09-09 17:11:12	28079	-88.66
1662736272	2022-09-09 17:11:12	31176	-81.28
1662736272	2022-09-09 17:11:12	38719	-96.43
1662736273	2022-09-09 17:11:13	8139	-90.32
1662736273	2022-09-09 17:11:13	28079	-87.14
1662736273	2022-09-09 17:11:13	31176	-80.61
1662736273	2022-09-09 17:11:13	38719	-92.43
1662736274	2022-09-09 17:11:14	8139	-93.53
1662736274	2022-09-09 17:11:14	28079	-84.86
1662736274	2022-09-09 17:11:14	31176	-81.08
1662736274	2022-09-09 17:11:14	38719	-97.9
1662736275	2022-09-09 17:11:15	8139	-88.2
1662736275	2022-09-09 17:11:15	28079	-83.75
1662736275	2022-09-09 17:11:15	31176	-81.02
1662736275	2022-09-09 17:11:15	38719	-94.37
1662736276	2022-09-09 17:11:16	8139	-85.77
1662736276	2022-09-09 17:11:16	28079	-87.47
1662736276	2022-09-09 17:11:16	31176	-81.27
1662736276	2022-09-09 17:11:16	38719	-87.29
1662736277	2022-09-09 17:11:17	8139	-85.04
1662736277	2022-09-09 17:11:17	28079	-88.42
1662736277	2022-09-09 17:11:17	31176	-80.92
1662736277	2022-09-09 17:11:17	38719	-87.38
1662736278	2022-09-09 17:11:18	8139	-81.91
1662736278	2022-09-09 17:11:18	28079	-87.27
1662736278	2022-09-09 17:11:18	31176	-80.67
1662736278	2022-09-09 17:11:18	38719	-85.71
1662736279	2022-09-09 17:11:19	8139	-81.61
1662736279	2022-09-09 17:11:19	28079	-86.87
1662736279	2022-09-09 17:11:19	31176	-81.43
1662736279	2022-09-09 17:11:19	38719	-81.97
1662736280	2022-09-09 17:11:20	8139	-81.24
1662736280	2022-09-09 17:11:20	28079	-84.1
1662736280	2022-09-09 17:11:20	31176	-81.9
1662736280	2022-09-09 17:11:20	38719	-81.87
1662736281	2022-09-09 17:11:21	8139	-80.77
1662736281	2022-09-09 17:11:21	28079	-85.16
1662736281	2022-09-09 17:11:21	31176	-81.08
1662736281	2022-09-09 17:11:21	38719	-83.14
1662736282	2022-09-09 17:11:22	8139	-81.33
1662736282	2022-09-09 17:11:22	28079	-83.73
1662736282	2022-09-09 17:11:22	31176	-81.73
1662736282	2022-09-09 17:11:22	38719	-82.68
1662736283	2022-09-09 17:11:23	8139	-80.63
1662736283	2022-09-09 17:11:23	28079	-84.73
1662736283	2022-09-09 17:11:23	31176	-81.16
1662736283	2022-09-09 17:11:23	38719	-83.74
1662736284	2022-09-09 17:11:24	8139	-80.8
1662736284	2022-09-09 17:11:24	28079	-84.01
1662736284	2022-09-09 17:11:24	31176	-81.24
1662736284	2022-09-09 17:11:24	38719	-82.03
1662736285	2022-09-09 17:11:25	8139	-81.45
1662736285	2022-09-09 17:11:25	28079	-85.04
1662736285	2022-09-09 17:11:25	31176	-80.89
1662736285	2022-09-09 17:11:25	38719	-83.65
1662736286	2022-09-09 17:11:26	8139	-83.51
1662736286	2022-09-09 17:11:26	28079	-86.29
1662736286	2022-09-09 17:11:26	31176	-80.96
1662736286	2022-09-09 17:11:26	38719	-86.04
1662736287	2022-09-09 17:11:27	8139	-81.09
1662736287	2022-09-09 17:11:27	28079	-90.77
1662736287	2022-09-09 17:11:27	31176	-81.6
1662736287	2022-09-09 17:11:27	38719	-87.54
1662736288	2022-09-09 17:11:28	8139	-80.29
1662736288	2022-09-09 17:11:28	28079	-86.3
1662736288	2022-09-09 17:11:28	31176	-81.17
1662736288	2022-09-09 17:11:28	38719	-85.31
1662736289	2022-09-09 17:11:29	8139	-81.29
1662736289	2022-09-09 17:11:29	28079	-83.43
1662736289	2022-09-09 17:11:29	31176	-79.82
1662736289	2022-09-09 17:11:29	38719	-83.63
1662736290	2022-09-09 17:11:30	8139	-80.05
1662736290	2022-09-09 17:11:30	28079	-82.24
1662736290	2022-09-09 17:11:30	31176	-80.84
1662736290	2022-09-09 17:11:30	38719	-81.52
1662736291	2022-09-09 17:11:31	8139	-80.76
1662736291	2022-09-09 17:11:31	28079	-86.64
1662736291	2022-09-09 17:11:31	31176	-81.79
1662736291	2022-09-09 17:11:31	38719	-81.6
1662736292	2022-09-09 17:11:32	8139	-80.62
1662736292	2022-09-09 17:11:32	28079	-85.19
1662736292	2022-09-09 17:11:32	31176	-84.92
1662736292	2022-09-09 17:11:32	38719	-81
1662736293	2022-09-09 17:11:33	8139	-81.14
1662736293	2022-09-09 17:11:33	28079	-84.69
1662736293	2022-09-09 17:11:33	31176	-85.9
1662736293	2022-09-09 17:11:33	38719	-81.7
1662736294	2022-09-09 17:11:34	8139	-80.74
1662736294	2022-09-09 17:11:34	28079	-84.1
1662736294	2022-09-09 17:11:34	31176	-86.08
1662736294	2022-09-09 17:11:34	38719	-80.65
1662736295	2022-09-09 17:11:35	8139	-81.16
1662736295	2022-09-09 17:11:35	28079	-84.61
1662736295	2022-09-09 17:11:35	31176	-87.15
1662736295	2022-09-09 17:11:35	38719	-82.25
1662736296	2022-09-09 17:11:36	8139	-80.99
1662736296	2022-09-09 17:11:36	28079	-83.78
1662736296	2022-09-09 17:11:36	31176	-88.35
1662736296	2022-09-09 17:11:36	38719	-81.34
1662736297	2022-09-09 17:11:37	8139	-81.73
1662736297	2022-09-09 17:11:37	28079	-84.48
1662736297	2022-09-09 17:11:37	31176	-87.72
1662736297	2022-09-09 17:11:37	38719	-81.43
1662736298	2022-09-09 17:11:38	8139	-81.25
1662736298	2022-09-09 17:11:38	28079	-81.46
1662736298	2022-09-09 17:11:38	31176	-86.49
1662736298	2022-09-09 17:11:38	38719	-81.1
1662736299	2022-09-09 17:11:39	8139	-81.84
1662736299	2022-09-09 17:11:39	28079	-82.67
1662736299	2022-09-09 17:11:39	31176	-88.63
1662736299	2022-09-09 17:11:39	38719	-81.52
1662736300	2022-09-09 17:11:40	8139	-81.18
1662736300	2022-09-09 17:11:40	28079	-82.76
1662736300	2022-09-09 17:11:40	31176	-88.81
1662736300	2022-09-09 17:11:40	38719	-80.79
1662736301	2022-09-09 17:11:41	8139	-81.33
1662736301	2022-09-09 17:11:41	28079	-81.48
1662736301	2022-09-09 17:11:41	31176	-87.66
1662736301	2022-09-09 17:11:41	38719	-80.66
1662736302	2022-09-09 17:11:42	8139	-81.15
1662736302	2022-09-09 17:11:42	28079	-82.41
1662736302	2022-09-09 17:11:42	31176	-85.04
1662736302	2022-09-09 17:11:42	38719	-80.64
1662736303	2022-09-09 17:11:43	8139	-82.76
1662736303	2022-09-09 17:11:43	28079	-84.43
1662736303	2022-09-09 17:11:43	31176	-86.07
1662736303	2022-09-09 17:11:43	38719	-80.41
1662736304	2022-09-09 17:11:44	8139	-80.93
1662736304	2022-09-09 17:11:44	28079	-82.87
1662736304	2022-09-09 17:11:44	31176	-83.22
1662736304	2022-09-09 17:11:44	38719	-80.43
1662736305	2022-09-09 17:11:45	8139	-81.88
1662736305	2022-09-09 17:11:45	28079	-83.94
1662736305	2022-09-09 17:11:45	31176	-83.84
1662736305	2022-09-09 17:11:45	38719	-80.92
1662736306	2022-09-09 17:11:46	8139	-82.77
1662736306	2022-09-09 17:11:46	28079	-82.72
1662736306	2022-09-09 17:11:46	31176	-87.75
1662736306	2022-09-09 17:11:46	38719	-80.47
1662736307	2022-09-09 17:11:47	8139	-82.89
1662736307	2022-09-09 17:11:47	28079	-86.89
1662736307	2022-09-09 17:11:47	31176	-85.71
1662736307	2022-09-09 17:11:47	38719	-80.81
1662736308	2022-09-09 17:11:48	8139	-82.32
1662736308	2022-09-09 17:11:48	28079	-85.66
1662736308	2022-09-09 17:11:48	31176	-87.08
1662736308	2022-09-09 17:11:48	38719	-80.75
1662736309	2022-09-09 17:11:49	8139	-82.79
1662736309	2022-09-09 17:11:49	28079	-82.87
1662736309	2022-09-09 17:11:49	31176	-88.87
1662736309	2022-09-09 17:11:49	38719	-81.26
1662736310	2022-09-09 17:11:50	8139	-83.01
1662736310	2022-09-09 17:11:50	28079	-85.44
1662736310	2022-09-09 17:11:50	31176	-88.14
1662736310	2022-09-09 17:11:50	38719	-81.05
1662736311	2022-09-09 17:11:51	8139	-81.76
1662736311	2022-09-09 17:11:51	28079	-83.07
1662736311	2022-09-09 17:11:51	31176	-84.74
1662736311	2022-09-09 17:11:51	38719	-80.8
1662736312	2022-09-09 17:11:52	8139	-82.85
1662736312	2022-09-09 17:11:52	28079	-87.06
1662736312	2022-09-09 17:11:52	31176	-82.42
1662736312	2022-09-09 17:11:52	38719	-80.82
1662736313	2022-09-09 17:11:53	8139	-82.68
1662736313	2022-09-09 17:11:53	28079	-85.8
1662736313	2022-09-09 17:11:53	31176	-92.07
1662736313	2022-09-09 17:11:53	38719	-80.85
1662736314	2022-09-09 17:11:54	8139	-82.58
1662736314	2022-09-09 17:11:54	28079	-83.67
1662736314	2022-09-09 17:11:54	31176	-101.18
1662736314	2022-09-09 17:11:54	38719	-80.52
1662736316	2022-09-09 17:11:56	38719	-90.54
1662736316	2022-09-09 17:11:56	8139	-81.45
1662736316	2022-09-09 17:11:56	28079	-85.44
1662736316	2022-09-09 17:11:56	38719	-81.05
1662736317	2022-09-09 17:11:57	8139	-82.26
1662736317	2022-09-09 17:11:57	28079	-87.97
1662736317	2022-09-09 17:11:57	38719	-80.77
1662736318	2022-09-09 17:11:58	8139	-82.33
1662736318	2022-09-09 17:11:58	28079	-85.53
1662736318	2022-09-09 17:11:58	31176	-120
1662736318	2022-09-09 17:11:58	38719	-80.92
1662736319	2022-09-09 17:11:59	8139	-82.45
1662736319	2022-09-09 17:11:59	28079	-86.34
1662736319	2022-09-09 17:11:59	31176	-120
1662736319	2022-09-09 17:11:59	38719	-80.86
1662736320	2022-09-09 17:12:00	8139	-81.87
1662736320	2022-09-09 17:12:00	28079	-85.01
1662736320	2022-09-09 17:12:00	31176	-120
1662736320	2022-09-09 17:12:00	38719	-81
1662736321	2022-09-09 17:12:01	8139	-81.87
1662736321	2022-09-09 17:12:01	28079	-84.69
1662736321	2022-09-09 17:12:01	38719	-80.02
1662736322	2022-09-09 17:12:02	8139	-82.22
1662736322	2022-09-09 17:12:02	28079	-88.49
1662736322	2022-09-09 17:12:02	38719	-80.57
1662736323	2022-09-09 17:12:03	8139	-81.97
1662736323	2022-09-09 17:12:03	28079	-85.49
1662736323	2022-09-09 17:12:03	31176	-101.18
1662736323	2022-09-09 17:12:03	38719	-80.47
1662736324	2022-09-09 17:12:04	8139	-81.8
1662736324	2022-09-09 17:12:04	28079	-85.3
1662736324	2022-09-09 17:12:04	31176	-103.12
1662736324	2022-09-09 17:12:04	38719	-81.4
1662736325	2022-09-09 17:12:05	8139	-82.95
1662736325	2022-09-09 17:12:05	28079	-83.38
1662736325	2022-09-09 17:12:05	38719	-80.37
1662736326	2022-09-09 17:12:06	8139	-82.74
1662736326	2022-09-09 17:12:06	28079	-84.58
1662736326	2022-09-09 17:12:06	38719	-80.82
1662736327	2022-09-09 17:12:07	8139	-83.89
1662736327	2022-09-09 17:12:07	28079	-89.92
1662736327	2022-09-09 17:12:07	31176	-120
1662736327	2022-09-09 17:12:07	38719	-80.93
1662736328	2022-09-09 17:12:08	8139	-83.55
1662736328	2022-09-09 17:12:08	28079	-88.49
1662736328	2022-09-09 17:12:08	38719	-81.52
1662736329	2022-09-09 17:12:09	8139	-83.51
1662736329	2022-09-09 17:12:09	28079	-90.63
1662736329	2022-09-09 17:12:09	38719	-80.51
1662736330	2022-09-09 17:12:10	8139	-83.73
1662736330	2022-09-09 17:12:10	28079	-89.9
1662736330	2022-09-09 17:12:10	38719	-80.66
1662736331	2022-09-09 17:12:11	8139	-83.77
1662736331	2022-09-09 17:12:11	28079	-88.59
1662736331	2022-09-09 17:12:11	38719	-80.22
1662736332	2022-09-09 17:12:12	8139	-84.01
1662736332	2022-09-09 17:12:12	28079	-88.82
1662736332	2022-09-09 17:12:12	38719	-80.72
1662736333	2022-09-09 17:12:13	8139	-83.81
1662736333	2022-09-09 17:12:13	28079	-87.73
1662736333	2022-09-09 17:12:13	38719	-81.38
1662736334	2022-09-09 17:12:14	8139	-83.41
1662736334	2022-09-09 17:12:14	28079	-87.57
1662736334	2022-09-09 17:12:14	38719	-80.49
1662736335	2022-09-09 17:12:15	8139	-83.7
1662736335	2022-09-09 17:12:15	28079	-85.87
1662736335	2022-09-09 17:12:15	38719	-81.28
1662736336	2022-09-09 17:12:16	8139	-81.91
1662736336	2022-09-09 17:12:16	28079	-87.08
1662736336	2022-09-09 17:12:16	38719	-80.49
1662736337	2022-09-09 17:12:17	8139	-82.47
1662736337	2022-09-09 17:12:17	28079	-88.22
1662736337	2022-09-09 17:12:17	38719	-80.97
1662736338	2022-09-09 17:12:18	8139	-83.04
1662736338	2022-09-09 17:12:18	28079	-86.13
1662736338	2022-09-09 17:12:18	38719	-81.35
1662736339	2022-09-09 17:12:19	8139	-82.98
1662736339	2022-09-09 17:12:19	28079	-84.53
1662736339	2022-09-09 17:12:19	38719	-81
1662736340	2022-09-09 17:12:20	8139	-83.54
1662736340	2022-09-09 17:12:20	28079	-85.42
1662736340	2022-09-09 17:12:20	38719	-81.1
1662736341	2022-09-09 17:12:21	8139	-83.29
1662736341	2022-09-09 17:12:21	28079	-84.99
1662736341	2022-09-09 17:12:21	31176	-96.02
1662736341	2022-09-09 17:12:21	38719	-80.28
1662736342	2022-09-09 17:12:22	8139	-82.49
1662736342	2022-09-09 17:12:22	28079	-82.53
1662736342	2022-09-09 17:12:22	31176	-94.39
1662736342	2022-09-09 17:12:22	38719	-80.56
1662736343	2022-09-09 17:12:23	8139	-81.46
1662736343	2022-09-09 17:12:23	28079	-81.16
1662736343	2022-09-09 17:12:23	31176	-89.35
1662736343	2022-09-09 17:12:23	38719	-80.72
1662736344	2022-09-09 17:12:24	8139	-81.42
1662736344	2022-09-09 17:12:24	28079	-81.21
1662736344	2022-09-09 17:12:24	31176	-88.45
1662736344	2022-09-09 17:12:24	38719	-80.03
1662736345	2022-09-09 17:12:25	8139	-80.92
1662736345	2022-09-09 17:12:25	28079	-95.42
1662736345	2022-09-09 17:12:25	31176	-86.08
1662736345	2022-09-09 17:12:25	38719	-80.56
1662736346	2022-09-09 17:12:26	8139	-80.66
1662736346	2022-09-09 17:12:26	28079	-84.8
1662736346	2022-09-09 17:12:26	31176	-87.89
1662736346	2022-09-09 17:12:26	38719	-80.57
1662736347	2022-09-09 17:12:27	8139	-80.85
1662736347	2022-09-09 17:12:27	28079	-84.65
1662736347	2022-09-09 17:12:27	31176	-86.19
1662736347	2022-09-09 17:12:27	38719	-80.93
1662736348	2022-09-09 17:12:28	8139	-80.92
1662736348	2022-09-09 17:12:28	28079	-85.12
1662736348	2022-09-09 17:12:28	31176	-87.59
1662736348	2022-09-09 17:12:28	38719	-80.81
1662736349	2022-09-09 17:12:29	8139	-81.33
1662736349	2022-09-09 17:12:29	28079	-84.32
1662736349	2022-09-09 17:12:29	31176	-85.94
1662736349	2022-09-09 17:12:29	38719	-80.67
1662736350	2022-09-09 17:12:30	8139	-80.17
1662736350	2022-09-09 17:12:30	28079	-83.94
1662736350	2022-09-09 17:12:30	31176	-83.63
1662736350	2022-09-09 17:12:30	38719	-80.5
1662736351	2022-09-09 17:12:31	8139	-80.71
1662736351	2022-09-09 17:12:31	28079	-82.01
1662736351	2022-09-09 17:12:31	31176	-83.91
1662736351	2022-09-09 17:12:31	38719	-80.47
1662736352	2022-09-09 17:12:32	8139	-81.07
1662736352	2022-09-09 17:12:32	28079	-80.86
1662736352	2022-09-09 17:12:32	31176	-83.6
1662736352	2022-09-09 17:12:32	38719	-81.1
1662736353	2022-09-09 17:12:33	8139	-81.13
1662736353	2022-09-09 17:12:33	28079	-82.34
1662736353	2022-09-09 17:12:33	31176	-81.68
1662736353	2022-09-09 17:12:33	38719	-80.84
1662736354	2022-09-09 17:12:34	8139	-81.16
1662736354	2022-09-09 17:12:34	28079	-80.93
1662736354	2022-09-09 17:12:34	31176	-81.16
1662736354	2022-09-09 17:12:34	38719	-81.16
1662736355	2022-09-09 17:12:35	8139	-80.88
1662736355	2022-09-09 17:12:35	28079	-81.15
1662736355	2022-09-09 17:12:35	31176	-81.05
1662736355	2022-09-09 17:12:35	38719	-81.18
1662736356	2022-09-09 17:12:36	8139	-81.39
1662736356	2022-09-09 17:12:36	28079	-85.23
1662736356	2022-09-09 17:12:36	31176	-80.33
1662736356	2022-09-09 17:12:36	38719	-81.75
1662736357	2022-09-09 17:12:37	8139	-81.6
1662736357	2022-09-09 17:12:37	28079	-80.96
1662736357	2022-09-09 17:12:37	31176	-80.57
1662736357	2022-09-09 17:12:37	38719	-82.14
1662736358	2022-09-09 17:12:38	8139	-81.95
1662736358	2022-09-09 17:12:38	28079	-81.77
1662736358	2022-09-09 17:12:38	31176	-80.55
1662736358	2022-09-09 17:12:38	38719	-82.03
1662736359	2022-09-09 17:12:39	8139	-81.5
1662736359	2022-09-09 17:12:39	28079	-81.4
1662736359	2022-09-09 17:12:39	31176	-81.06
1662736359	2022-09-09 17:12:39	38719	-81.25
1662736360	2022-09-09 17:12:40	8139	-81.52
1662736360	2022-09-09 17:12:40	28079	-80.75
1662736360	2022-09-09 17:12:40	31176	-80.97
1662736360	2022-09-09 17:12:40	38719	-81.06
1662736361	2022-09-09 17:12:41	8139	-81.69
1662736361	2022-09-09 17:12:41	28079	-83.28
1662736361	2022-09-09 17:12:41	31176	-80.93
1662736361	2022-09-09 17:12:41	38719	-81.23
1662736362	2022-09-09 17:12:42	8139	-80.16
1662736362	2022-09-09 17:12:42	28079	-81.62
1662736362	2022-09-09 17:12:42	31176	-84.31
1662736362	2022-09-09 17:12:42	38719	-81.12
1662736363	2022-09-09 17:12:43	8139	-80.06
1662736363	2022-09-09 17:12:43	28079	-81.8
1662736363	2022-09-09 17:12:43	31176	-86.99
1662736363	2022-09-09 17:12:43	38719	-81.22
1662736364	2022-09-09 17:12:44	8139	-80.08
1662736364	2022-09-09 17:12:44	28079	-81.51
1662736364	2022-09-09 17:12:44	31176	-87.23
1662736364	2022-09-09 17:12:44	38719	-81.02
1662736365	2022-09-09 17:12:45	8139	-81.08
1662736365	2022-09-09 17:12:45	28079	-82.92
1662736365	2022-09-09 17:12:45	31176	-92.04
1662736365	2022-09-09 17:12:45	38719	-81.74
1662736366	2022-09-09 17:12:46	8139	-81.01
1662736366	2022-09-09 17:12:46	28079	-83.09
1662736366	2022-09-09 17:12:46	31176	-93.45
1662736366	2022-09-09 17:12:46	38719	-80.97
1662736367	2022-09-09 17:12:47	8139	-80.5
1662736367	2022-09-09 17:12:47	28079	-82.41
1662736367	2022-09-09 17:12:47	31176	-89.45
1662736367	2022-09-09 17:12:47	38719	-80.69
1662736368	2022-09-09 17:12:48	8139	-80.32
1662736368	2022-09-09 17:12:48	28079	-82.4
1662736368	2022-09-09 17:12:48	31176	-87.72
1662736368	2022-09-09 17:12:48	38719	-81.69
1662736369	2022-09-09 17:12:49	8139	-80.26
1662736369	2022-09-09 17:12:49	28079	-81.62
1662736369	2022-09-09 17:12:49	31176	-88.87
1662736369	2022-09-09 17:12:49	38719	-80.53
1662736370	2022-09-09 17:12:50	8139	-80.64
1662736370	2022-09-09 17:12:50	28079	-84.21
1662736370	2022-09-09 17:12:50	31176	-87.81
1662736370	2022-09-09 17:12:50	38719	-80.59
1662736371	2022-09-09 17:12:51	8139	-80.86
1662736371	2022-09-09 17:12:51	28079	-82.33
1662736371	2022-09-09 17:12:51	31176	-87.73
1662736371	2022-09-09 17:12:51	38719	-81.95
1662736372	2022-09-09 17:12:52	8139	-81.93
1662736372	2022-09-09 17:12:52	28079	-82.24
1662736372	2022-09-09 17:12:52	31176	-87.33
1662736372	2022-09-09 17:12:52	38719	-83.05
1662736373	2022-09-09 17:12:53	8139	-81.69
1662736373	2022-09-09 17:12:53	28079	-81.12
1662736373	2022-09-09 17:12:53	31176	-81.35
1662736373	2022-09-09 17:12:53	38719	-81.81
1662736374	2022-09-09 17:12:54	8139	-81.37
1662736374	2022-09-09 17:12:54	28079	-81.19
1662736374	2022-09-09 17:12:54	31176	-80.74
1662736374	2022-09-09 17:12:54	38719	-80.97
1662736375	2022-09-09 17:12:55	8139	-81.72
1662736375	2022-09-09 17:12:55	28079	-81.89
1662736375	2022-09-09 17:12:55	31176	-81.68
1662736375	2022-09-09 17:12:55	38719	-82.35
1662736376	2022-09-09 17:12:56	8139	-81.38
1662736376	2022-09-09 17:12:56	28079	-81.69
1662736376	2022-09-09 17:12:56	31176	-81.01
1662736376	2022-09-09 17:12:56	38719	-80.89
1662736377	2022-09-09 17:12:57	8139	-82.47
1662736377	2022-09-09 17:12:57	28079	-83.39
1662736377	2022-09-09 17:12:57	31176	-81.51
1662736377	2022-09-09 17:12:57	38719	-81.82
1662736378	2022-09-09 17:12:58	8139	-82.16
1662736378	2022-09-09 17:12:58	28079	-81.85
1662736378	2022-09-09 17:12:58	31176	-80.67
1662736378	2022-09-09 17:12:58	38719	-82.91
1662736379	2022-09-09 17:12:59	8139	-82.36
1662736379	2022-09-09 17:12:59	28079	-80.63
1662736379	2022-09-09 17:12:59	31176	-84.1
1662736379	2022-09-09 17:12:59	38719	-82.36
1662736380	2022-09-09 17:13:00	8139	-83.14
1662736380	2022-09-09 17:13:00	28079	-84.21
1662736380	2022-09-09 17:13:00	31176	-81.51
1662736380	2022-09-09 17:13:00	38719	-82.61
1662736381	2022-09-09 17:13:01	8139	-84.91
1662736381	2022-09-09 17:13:01	28079	-80.7
1662736381	2022-09-09 17:13:01	31176	-81.91
1662736381	2022-09-09 17:13:01	38719	-82.24
1662736382	2022-09-09 17:13:02	8139	-84.52
1662736382	2022-09-09 17:13:02	28079	-81.73
1662736382	2022-09-09 17:13:02	31176	-80.63
1662736382	2022-09-09 17:13:02	38719	-83.17
1662736383	2022-09-09 17:13:03	8139	-83.9
1662736383	2022-09-09 17:13:03	28079	-81.82
1662736383	2022-09-09 17:13:03	31176	-80.58
1662736383	2022-09-09 17:13:03	38719	-84.71
1662736384	2022-09-09 17:13:04	8139	-83.44
1662736384	2022-09-09 17:13:04	28079	-81.88
1662736384	2022-09-09 17:13:04	31176	-81.36
1662736384	2022-09-09 17:13:04	38719	-84.19
1662736385	2022-09-09 17:13:05	8139	-81.67
1662736385	2022-09-09 17:13:05	28079	-80.44
1662736385	2022-09-09 17:13:05	31176	-80.52
1662736385	2022-09-09 17:13:05	38719	-83.36
1662736386	2022-09-09 17:13:06	8139	-82.6
1662736386	2022-09-09 17:13:06	28079	-81.21
1662736386	2022-09-09 17:13:06	31176	-81.32
1662736386	2022-09-09 17:13:06	38719	-83.94
1662736387	2022-09-09 17:13:07	8139	-80.38
1662736387	2022-09-09 17:13:07	28079	-81.22
1662736387	2022-09-09 17:13:07	38719	-83.88
1662736388	2022-09-09 17:13:08	8139	-80.24
1662736388	2022-09-09 17:13:08	28079	-83.05
1662736388	2022-09-09 17:13:08	31176	-80.6
1662736388	2022-09-09 17:13:08	38719	-84.02
1662736389	2022-09-09 17:13:09	8139	-81.69
1662736389	2022-09-09 17:13:09	28079	-81.55
1662736389	2022-09-09 17:13:09	31176	-80.63
1662736389	2022-09-09 17:13:09	38719	-85.53
1662736390	2022-09-09 17:13:10	8139	-81.3
1662736390	2022-09-09 17:13:10	28079	-82.98
1662736390	2022-09-09 17:13:10	31176	-80.76
1662736390	2022-09-09 17:13:10	38719	-84.89
1662736391	2022-09-09 17:13:11	8139	-82.42
1662736391	2022-09-09 17:13:11	28079	-88.97
1662736391	2022-09-09 17:13:11	31176	-80.58
1662736391	2022-09-09 17:13:11	38719	-85.32
1662736392	2022-09-09 17:13:12	8139	-87.6
1662736392	2022-09-09 17:13:12	28079	-87.2
1662736392	2022-09-09 17:13:12	31176	-80.57
1662736392	2022-09-09 17:13:12	38719	-87.97
1662736393	2022-09-09 17:13:13	8139	-87.92
1662736393	2022-09-09 17:13:13	28079	-84.79
1662736393	2022-09-09 17:13:13	31176	-80.69
1662736393	2022-09-09 17:13:13	38719	-93.19
1662736394	2022-09-09 17:13:14	8139	-89.5
1662736394	2022-09-09 17:13:14	28079	-81.91
1662736394	2022-09-09 17:13:14	31176	-80.93
1662736394	2022-09-09 17:13:14	38719	-88.2
1662736395	2022-09-09 17:13:15	8139	-92.41
1662736395	2022-09-09 17:13:15	28079	-80.9
1662736395	2022-09-09 17:13:15	31176	-80.75
1662736395	2022-09-09 17:13:15	38719	-86.8
1662736396	2022-09-09 17:13:16	8139	-87.47
1662736396	2022-09-09 17:13:16	28079	-83.57
1662736396	2022-09-09 17:13:16	31176	-80.5
1662736396	2022-09-09 17:13:16	38719	-92.46
1662736397	2022-09-09 17:13:17	8139	-87.97
1662736397	2022-09-09 17:13:17	28079	-87.58
1662736397	2022-09-09 17:13:17	31176	-80.82
1662736397	2022-09-09 17:13:17	38719	-88.42
1662736398	2022-09-09 17:13:18	8139	-84.7
1662736398	2022-09-09 17:13:18	28079	-85.15
1662736398	2022-09-09 17:13:18	31176	-80.85
1662736398	2022-09-09 17:13:18	38719	-83.94
1662736399	2022-09-09 17:13:19	8139	-82.96
1662736399	2022-09-09 17:13:19	28079	-88.65
1662736399	2022-09-09 17:13:19	31176	-81.63
1662736399	2022-09-09 17:13:19	38719	-82.61
1662736401	2022-09-09 17:13:21	8139	-81.12
1662736401	2022-09-09 17:13:21	28079	-86.68
1662736401	2022-09-09 17:13:21	31176	-83.85
1662736401	2022-09-09 17:13:21	38719	-81.3
1662736402	2022-09-09 17:13:22	8139	-80.27
1662736402	2022-09-09 17:13:22	28079	-84.55
1662736402	2022-09-09 17:13:22	31176	-87.38
1662736402	2022-09-09 17:13:22	38719	-82.1
1662736403	2022-09-09 17:13:23	8139	-80.91
1662736403	2022-09-09 17:13:23	28079	-88.26
1662736403	2022-09-09 17:13:23	31176	-87.68
1662736403	2022-09-09 17:13:23	38719	-81.84
1662736404	2022-09-09 17:13:24	8139	-81.07
1662736404	2022-09-09 17:13:24	28079	-85.05
1662736404	2022-09-09 17:13:24	31176	-88.06
1662736404	2022-09-09 17:13:24	38719	-81.83
1662736405	2022-09-09 17:13:25	8139	-80.47
1662736405	2022-09-09 17:13:25	28079	-81.3
1662736405	2022-09-09 17:13:25	31176	-87.97
1662736405	2022-09-09 17:13:25	38719	-82.28
1662736406	2022-09-09 17:13:26	8139	-81.22
1662736406	2022-09-09 17:13:26	28079	-80.89
1662736406	2022-09-09 17:13:26	31176	-87.35
1662736406	2022-09-09 17:13:26	38719	-84.1
1662736407	2022-09-09 17:13:27	8139	-81.54
1662736407	2022-09-09 17:13:27	28079	-81.12
1662736407	2022-09-09 17:13:27	31176	-88
1662736407	2022-09-09 17:13:27	38719	-84.49
1662736408	2022-09-09 17:13:28	8139	-82.59
1662736408	2022-09-09 17:13:28	28079	-81.42
1662736408	2022-09-09 17:13:28	31176	-91.06
1662736408	2022-09-09 17:13:28	38719	-84.96
1662736409	2022-09-09 17:13:29	8139	-82.59
1662736409	2022-09-09 17:13:29	28079	-82.72
1662736409	2022-09-09 17:13:29	31176	-83.48
1662736409	2022-09-09 17:13:29	38719	-82.64
1662736410	2022-09-09 17:13:30	8139	-84.72
1662736410	2022-09-09 17:13:30	28079	-84.8
1662736410	2022-09-09 17:13:30	31176	-84.92
1662736410	2022-09-09 17:13:30	38719	-82.05
1662736411	2022-09-09 17:13:31	8139	-84.02
1662736411	2022-09-09 17:13:31	28079	-81.47
1662736411	2022-09-09 17:13:31	31176	-86.74
1662736411	2022-09-09 17:13:31	38719	-86.59
1662736412	2022-09-09 17:13:32	8139	-85.88
1662736412	2022-09-09 17:13:32	28079	-80.64
1662736412	2022-09-09 17:13:32	31176	-86.08
1662736412	2022-09-09 17:13:32	38719	-85.81
1662736413	2022-09-09 17:13:33	8139	-88.9
1662736413	2022-09-09 17:13:33	28079	-80.75
1662736413	2022-09-09 17:13:33	31176	-84.78
1662736413	2022-09-09 17:13:33	38719	-86.29
1662736414	2022-09-09 17:13:34	8139	-88.06
1662736414	2022-09-09 17:13:34	28079	-80.9
1662736414	2022-09-09 17:13:34	31176	-84.33
1662736414	2022-09-09 17:13:34	38719	-88.13
1662736415	2022-09-09 17:13:35	8139	-88.35
1662736415	2022-09-09 17:13:35	28079	-80.29
1662736415	2022-09-09 17:13:35	31176	-84.4
1662736415	2022-09-09 17:13:35	38719	-88.93
1662736416	2022-09-09 17:13:36	8139	-89.46
1662736416	2022-09-09 17:13:36	28079	-81.16
1662736416	2022-09-09 17:13:36	31176	-82.12
1662736416	2022-09-09 17:13:36	38719	-90.14
1662736417	2022-09-09 17:13:37	8139	-92.89
1662736417	2022-09-09 17:13:37	28079	-81.1
1662736417	2022-09-09 17:13:37	31176	-83.48
1662736417	2022-09-09 17:13:37	38719	-91.83
1662736418	2022-09-09 17:13:38	8139	-90.9
1662736418	2022-09-09 17:13:38	28079	-80.71
1662736418	2022-09-09 17:13:38	31176	-84.8
1662736418	2022-09-09 17:13:38	38719	-90.06
1662736419	2022-09-09 17:13:39	8139	-89.77
1662736419	2022-09-09 17:13:39	28079	-80.97
1662736419	2022-09-09 17:13:39	31176	-85.88
1662736419	2022-09-09 17:13:39	38719	-92.31
1662736420	2022-09-09 17:13:40	8139	-93.77
1662736420	2022-09-09 17:13:40	28079	-81.05
1662736420	2022-09-09 17:13:40	31176	-82.99
1662736420	2022-09-09 17:13:40	38719	-91.7
1662736421	2022-09-09 17:13:41	8139	-92.5
1662736421	2022-09-09 17:13:41	28079	-80.29
1662736421	2022-09-09 17:13:41	31176	-83.53
1662736421	2022-09-09 17:13:41	38719	-93.29
1662736421	2022-09-09 17:13:41	8139	-95.83
1662736421	2022-09-09 17:13:41	28079	-82.07
1662736421	2022-09-09 17:13:41	31176	-81.17
1662736421	2022-09-09 17:13:41	38719	-88.65
1662736422	2022-09-09 17:13:42	8139	-88.72
1662736422	2022-09-09 17:13:42	28079	-82.4
1662736422	2022-09-09 17:13:42	31176	-83.65
1662736422	2022-09-09 17:13:42	38719	-89.41
1662736423	2022-09-09 17:13:43	8139	-89.26
1662736423	2022-09-09 17:13:43	28079	-81.49
1662736423	2022-09-09 17:13:43	31176	-82.77
1662736423	2022-09-09 17:13:43	38719	-85.92
1662736424	2022-09-09 17:13:44	8139	-90.39
1662736424	2022-09-09 17:13:44	28079	-81.5
1662736424	2022-09-09 17:13:44	31176	-86.13
1662736424	2022-09-09 17:13:44	38719	-88.28
1662736425	2022-09-09 17:13:45	8139	-93.38
1662736425	2022-09-09 17:13:45	28079	-81.47
1662736425	2022-09-09 17:13:45	31176	-84.71
1662736425	2022-09-09 17:13:45	38719	-91.06
1662736426	2022-09-09 17:13:46	8139	-92.46
1662736426	2022-09-09 17:13:46	28079	-81.18
1662736426	2022-09-09 17:13:46	31176	-81.15
1662736426	2022-09-09 17:13:46	38719	-92.67
1662736427	2022-09-09 17:13:47	8139	-87.29
1662736427	2022-09-09 17:13:47	28079	-82.93
1662736427	2022-09-09 17:13:47	31176	-81.31
1662736427	2022-09-09 17:13:47	38719	-86.23
1662736428	2022-09-09 17:13:48	8139	-84.41
1662736428	2022-09-09 17:13:48	28079	-82.35
1662736428	2022-09-09 17:13:48	31176	-81.69
1662736428	2022-09-09 17:13:48	38719	-83.3
1662736429	2022-09-09 17:13:49	8139	-86.15
1662736429	2022-09-09 17:13:49	28079	-81.85
1662736429	2022-09-09 17:13:49	31176	-83.38
1662736429	2022-09-09 17:13:49	38719	-82.29
1662736430	2022-09-09 17:13:50	8139	-83.01
1662736430	2022-09-09 17:13:50	28079	-80.64
1662736430	2022-09-09 17:13:50	31176	-83.3
1662736430	2022-09-09 17:13:50	38719	-81.75
1662736431	2022-09-09 17:13:51	8139	-84.29
1662736431	2022-09-09 17:13:51	28079	-80.98
1662736431	2022-09-09 17:13:51	31176	-82.99
1662736431	2022-09-09 17:13:51	38719	-81.47
1662736432	2022-09-09 17:13:52	8139	-83.69
1662736432	2022-09-09 17:13:52	28079	-81.16
1662736432	2022-09-09 17:13:52	31176	-82.17
1662736432	2022-09-09 17:13:52	38719	-81.66
1662736433	2022-09-09 17:13:53	8139	-84.04
1662736433	2022-09-09 17:13:53	28079	-80.77
1662736433	2022-09-09 17:13:53	31176	-82.44
1662736433	2022-09-09 17:13:53	38719	-81.55
1662736434	2022-09-09 17:13:54	8139	-84.46
1662736434	2022-09-09 17:13:54	28079	-81.03
1662736434	2022-09-09 17:13:54	31176	-82.07
1662736434	2022-09-09 17:13:54	38719	-82.43
1662736435	2022-09-09 17:13:55	8139	-85.62
1662736435	2022-09-09 17:13:55	28079	-80.56
1662736435	2022-09-09 17:13:55	31176	-83.81
1662736435	2022-09-09 17:13:55	38719	-80.83
1662736436	2022-09-09 17:13:56	8139	-85.3
1662736436	2022-09-09 17:13:56	28079	-81.1
1662736436	2022-09-09 17:13:56	31176	-85.85
1662736436	2022-09-09 17:13:56	38719	-81.51
1662736437	2022-09-09 17:13:57	8139	-83.54
1662736437	2022-09-09 17:13:57	28079	-81.3
1662736437	2022-09-09 17:13:57	31176	-83.72
1662736437	2022-09-09 17:13:57	38719	-81.27
1662736438	2022-09-09 17:13:58	8139	-82.67
1662736438	2022-09-09 17:13:58	28079	-81.29
1662736438	2022-09-09 17:13:58	31176	-83.72
1662736438	2022-09-09 17:13:58	38719	-81.77
1662736439	2022-09-09 17:13:59	8139	-83.68
1662736439	2022-09-09 17:13:59	28079	-80.84
1662736439	2022-09-09 17:13:59	31176	-86.08
1662736439	2022-09-09 17:13:59	38719	-81.69
1662736440	2022-09-09 17:14:00	8139	-83.18
1662736440	2022-09-09 17:14:00	28079	-80.38
1662736440	2022-09-09 17:14:00	31176	-86.19
1662736440	2022-09-09 17:14:00	38719	-83.05
1662736441	2022-09-09 17:14:01	8139	-82.29
1662736441	2022-09-09 17:14:01	28079	-80.58
1662736441	2022-09-09 17:14:01	31176	-84.29
1662736441	2022-09-09 17:14:01	38719	-82.33
1662736442	2022-09-09 17:14:02	8139	-81.62
1662736442	2022-09-09 17:14:02	28079	-81.48
1662736442	2022-09-09 17:14:02	31176	-86.52
1662736442	2022-09-09 17:14:02	38719	-81.65
1662736443	2022-09-09 17:14:03	8139	-83.94
1662736443	2022-09-09 17:14:03	28079	-81.59
1662736443	2022-09-09 17:14:03	31176	-84.1
1662736443	2022-09-09 17:14:03	38719	-81.66
1662736444	2022-09-09 17:14:04	8139	-83.35
1662736444	2022-09-09 17:14:04	28079	-81.49
1662736444	2022-09-09 17:14:04	31176	-81.04
1662736444	2022-09-09 17:14:04	38719	-83.03
1662736445	2022-09-09 17:14:05	8139	-83.15
1662736445	2022-09-09 17:14:05	28079	-82.29
1662736445	2022-09-09 17:14:05	31176	-82.39
1662736445	2022-09-09 17:14:05	38719	-81.68
1662736446	2022-09-09 17:14:06	8139	-83.33
1662736446	2022-09-09 17:14:06	28079	-81.08
1662736446	2022-09-09 17:14:06	31176	-84.31
1662736446	2022-09-09 17:14:06	38719	-81.72
1662736447	2022-09-09 17:14:07	8139	-83.98
1662736447	2022-09-09 17:14:07	28079	-81.4
1662736447	2022-09-09 17:14:07	31176	-84.37
1662736447	2022-09-09 17:14:07	38719	-81.92
1662736448	2022-09-09 17:14:08	8139	-82.23
1662736448	2022-09-09 17:14:08	28079	-82.24
1662736448	2022-09-09 17:14:08	31176	-82.11
1662736448	2022-09-09 17:14:08	38719	-81.53
1662736449	2022-09-09 17:14:09	8139	-83.01
1662736449	2022-09-09 17:14:09	28079	-81.73
1662736449	2022-09-09 17:14:09	31176	-85.15
1662736449	2022-09-09 17:14:09	38719	-82.72
1662736450	2022-09-09 17:14:10	8139	-80.96
1662736450	2022-09-09 17:14:10	28079	-81.89
1662736450	2022-09-09 17:14:10	31176	-87.81
1662736450	2022-09-09 17:14:10	38719	-81.75
1662736451	2022-09-09 17:14:11	8139	-81.97
1662736451	2022-09-09 17:14:11	28079	-81.52
1662736451	2022-09-09 17:14:11	31176	-84.53
1662736451	2022-09-09 17:14:11	38719	-80.92
1662736452	2022-09-09 17:14:12	8139	-82.72
1662736452	2022-09-09 17:14:12	28079	-82.38
1662736452	2022-09-09 17:14:12	31176	-88.78
1662736452	2022-09-09 17:14:12	38719	-81.61
1662736453	2022-09-09 17:14:13	8139	-81.57
1662736453	2022-09-09 17:14:13	28079	-83.09
1662736453	2022-09-09 17:14:13	31176	-89.49
1662736453	2022-09-09 17:14:13	38719	-81.18
1662736454	2022-09-09 17:14:14	8139	-82.38
1662736454	2022-09-09 17:14:14	28079	-82.57
1662736454	2022-09-09 17:14:14	31176	-89.41
1662736454	2022-09-09 17:14:14	38719	-80.72
1662736455	2022-09-09 17:14:15	8139	-82.07
1662736455	2022-09-09 17:14:15	28079	-83.98
1662736455	2022-09-09 17:14:15	31176	-89.9
1662736455	2022-09-09 17:14:15	38719	-81.31
1662736456	2022-09-09 17:14:16	8139	-82.02
1662736456	2022-09-09 17:14:16	28079	-85.57
1662736456	2022-09-09 17:14:16	31176	-89.49
1662736456	2022-09-09 17:14:16	38719	-82.39
1662736457	2022-09-09 17:14:17	8139	-82.05
1662736457	2022-09-09 17:14:17	28079	-84.96
1662736457	2022-09-09 17:14:17	31176	-88.29
1662736457	2022-09-09 17:14:17	38719	-81.18
1662736458	2022-09-09 17:14:18	8139	-82.09
1662736458	2022-09-09 17:14:18	28079	-84.28
1662736458	2022-09-09 17:14:18	31176	-89.4
1662736458	2022-09-09 17:14:18	38719	-80.84
1662736459	2022-09-09 17:14:19	8139	-81.27
1662736459	2022-09-09 17:14:19	28079	-82.84
1662736459	2022-09-09 17:14:19	31176	-86.25
1662736459	2022-09-09 17:14:19	38719	-81.12
1662736460	2022-09-09 17:14:20	8139	-84.02
1662736460	2022-09-09 17:14:20	28079	-80.5
1662736460	2022-09-09 17:14:20	31176	-84.28
1662736460	2022-09-09 17:14:20	38719	-83.75
1662736461	2022-09-09 17:14:21	8139	-87.82
1662736461	2022-09-09 17:14:21	28079	-81.39
1662736461	2022-09-09 17:14:21	31176	-85.35
1662736461	2022-09-09 17:14:21	38719	-85.64
1662736462	2022-09-09 17:14:22	8139	-88.22
1662736462	2022-09-09 17:14:22	28079	-81.04
1662736462	2022-09-09 17:14:22	31176	-84.72
1662736462	2022-09-09 17:14:22	38719	-86.92
1662736463	2022-09-09 17:14:23	8139	-87.1
1662736463	2022-09-09 17:14:23	28079	-80.43
1662736463	2022-09-09 17:14:23	31176	-85.23
1662736463	2022-09-09 17:14:23	38719	-84.15
1662736464	2022-09-09 17:14:24	8139	-87.9
1662736464	2022-09-09 17:14:24	28079	-80.84
1662736464	2022-09-09 17:14:24	31176	-82.33
1662736464	2022-09-09 17:14:24	38719	-85.01
1662736465	2022-09-09 17:14:25	8139	-86.14
1662736465	2022-09-09 17:14:25	28079	-80.7
1662736465	2022-09-09 17:14:25	31176	-82.54
1662736465	2022-09-09 17:14:25	38719	-83.25
1662736466	2022-09-09 17:14:26	8139	-82.72
1662736466	2022-09-09 17:14:26	28079	-82.34
1662736466	2022-09-09 17:14:26	31176	-84.97
1662736466	2022-09-09 17:14:26	38719	-82.48
1662736467	2022-09-09 17:14:27	8139	-82.31
1662736467	2022-09-09 17:14:27	28079	-83.07
1662736467	2022-09-09 17:14:27	31176	-86.66
1662736467	2022-09-09 17:14:27	38719	-81.38
1662736468	2022-09-09 17:14:28	8139	-82.09
1662736468	2022-09-09 17:14:28	28079	-85.11
1662736468	2022-09-09 17:14:28	31176	-85.95
1662736468	2022-09-09 17:14:28	38719	-82.43
1662736469	2022-09-09 17:14:29	8139	-82.18
1662736469	2022-09-09 17:14:29	28079	-82.13
1662736469	2022-09-09 17:14:29	31176	-87.2
1662736469	2022-09-09 17:14:29	38719	-82.11
1662736470	2022-09-09 17:14:30	8139	-83.47
1662736470	2022-09-09 17:14:30	28079	-83.2
1662736470	2022-09-09 17:14:30	31176	-86.45
1662736470	2022-09-09 17:14:30	38719	-80.74
1662736471	2022-09-09 17:14:31	8139	-82.26
1662736471	2022-09-09 17:14:31	28079	-83.29
1662736471	2022-09-09 17:14:31	31176	-84.84
1662736471	2022-09-09 17:14:31	38719	-81.15
1662736472	2022-09-09 17:14:32	8139	-83.66
1662736472	2022-09-09 17:14:32	28079	-82.63
1662736472	2022-09-09 17:14:32	31176	-85.6
1662736472	2022-09-09 17:14:32	38719	-82.29
1662736473	2022-09-09 17:14:33	8139	-82.14
1662736473	2022-09-09 17:14:33	28079	-85.44
1662736473	2022-09-09 17:14:33	31176	-85.6
1662736473	2022-09-09 17:14:33	38719	-81.99
1662736474	2022-09-09 17:14:34	8139	-82.19
1662736474	2022-09-09 17:14:34	28079	-85.71
1662736474	2022-09-09 17:14:34	31176	-84.85
1662736474	2022-09-09 17:14:34	38719	-81.17
1662736475	2022-09-09 17:14:35	8139	-82.54
1662736475	2022-09-09 17:14:35	28079	-81.39
1662736475	2022-09-09 17:14:35	31176	-86.84
1662736475	2022-09-09 17:14:35	38719	-81.11
1662736476	2022-09-09 17:14:36	8139	-82.82
1662736476	2022-09-09 17:14:36	28079	-82.83
1662736476	2022-09-09 17:14:36	31176	-86.24
1662736476	2022-09-09 17:14:36	38719	-81.04
1662736477	2022-09-09 17:14:37	8139	-81.46
1662736477	2022-09-09 17:14:37	28079	-83.11
1662736477	2022-09-09 17:14:37	31176	-88.2
1662736477	2022-09-09 17:14:37	38719	-81.01
1662736478	2022-09-09 17:14:38	8139	-83.3
1662736478	2022-09-09 17:14:38	28079	-82.74
1662736478	2022-09-09 17:14:38	31176	-86.4
1662736478	2022-09-09 17:14:38	38719	-80.53
1662736479	2022-09-09 17:14:39	8139	-81.57
1662736479	2022-09-09 17:14:39	28079	-81.63
1662736479	2022-09-09 17:14:39	31176	-88.35
1662736479	2022-09-09 17:14:39	38719	-81.41
1662736480	2022-09-09 17:14:40	8139	-82.4
1662736480	2022-09-09 17:14:40	28079	-82.65
1662736480	2022-09-09 17:14:40	31176	-84.62
1662736480	2022-09-09 17:14:40	38719	-81.91
1662736481	2022-09-09 17:14:41	8139	-81.63
1662736481	2022-09-09 17:14:41	28079	-83.35
1662736481	2022-09-09 17:14:41	31176	-87.21
1662736481	2022-09-09 17:14:41	38719	-81.65
1662736482	2022-09-09 17:14:42	8139	-81.72
1662736482	2022-09-09 17:14:42	28079	-82.65
1662736482	2022-09-09 17:14:42	31176	-84.76
1662736482	2022-09-09 17:14:42	38719	-81.86
1662736483	2022-09-09 17:14:43	8139	-81.8
1662736483	2022-09-09 17:14:43	28079	-82.19
1662736483	2022-09-09 17:14:43	31176	-86.83
1662736483	2022-09-09 17:14:43	38719	-81.12
1662736484	2022-09-09 17:14:44	8139	-82.03
1662736484	2022-09-09 17:14:44	28079	-81.45
1662736484	2022-09-09 17:14:44	31176	-86.44
1662736484	2022-09-09 17:14:44	38719	-82.08
1662736485	2022-09-09 17:14:45	8139	-82.92
1662736485	2022-09-09 17:14:45	28079	-82.42
1662736485	2022-09-09 17:14:45	31176	-86.93
1662736485	2022-09-09 17:14:45	38719	-81.06
1662736486	2022-09-09 17:14:46	8139	-81.24
1662736486	2022-09-09 17:14:46	28079	-81.27
1662736486	2022-09-09 17:14:46	31176	-85.56
1662736486	2022-09-09 17:14:46	38719	-81.39
1662736487	2022-09-09 17:14:47	8139	-80.87
1662736487	2022-09-09 17:14:47	28079	-80.95
1662736487	2022-09-09 17:14:47	31176	-85.56
1662736487	2022-09-09 17:14:47	38719	-81.38
1662736488	2022-09-09 17:14:48	8139	-81.5
1662736488	2022-09-09 17:14:48	28079	-81.29
1662736488	2022-09-09 17:14:48	31176	-86.08
1662736488	2022-09-09 17:14:48	38719	-83.06
1662736489	2022-09-09 17:14:49	8139	-81.84
1662736489	2022-09-09 17:14:49	28079	-81.53
1662736489	2022-09-09 17:14:49	31176	-86.99
1662736489	2022-09-09 17:14:49	38719	-81.34
1662736490	2022-09-09 17:14:50	8139	-80.2
1662736490	2022-09-09 17:14:50	28079	-82.22
1662736490	2022-09-09 17:14:50	31176	-85.15
1662736490	2022-09-09 17:14:50	38719	-81.09
1662736491	2022-09-09 17:14:51	8139	-81.34
1662736491	2022-09-09 17:14:51	28079	-81.37
1662736491	2022-09-09 17:14:51	31176	-87.08
1662736491	2022-09-09 17:14:51	38719	-81.66
1662736492	2022-09-09 17:14:52	8139	-81.26
1662736492	2022-09-09 17:14:52	28079	-81.95
1662736492	2022-09-09 17:14:52	31176	-85.49
1662736492	2022-09-09 17:14:52	38719	-81.55
1662736493	2022-09-09 17:14:53	8139	-80.54
1662736493	2022-09-09 17:14:53	28079	-81.71
1662736493	2022-09-09 17:14:53	31176	-83.98
1662736493	2022-09-09 17:14:53	38719	-81.79
1662736494	2022-09-09 17:14:54	8139	-81.07
1662736494	2022-09-09 17:14:54	28079	-82.26
1662736494	2022-09-09 17:14:54	31176	-83.23
1662736494	2022-09-09 17:14:54	38719	-82.38
1662736495	2022-09-09 17:14:55	8139	-81.26
1662736495	2022-09-09 17:14:55	28079	-81.4
1662736495	2022-09-09 17:14:55	31176	-86.59
1662736495	2022-09-09 17:14:55	38719	-82.45
1662736496	2022-09-09 17:14:56	8139	-81.51
1662736496	2022-09-09 17:14:56	28079	-82.12
1662736496	2022-09-09 17:14:56	31176	-87.51
1662736496	2022-09-09 17:14:56	38719	-83.33
1662736497	2022-09-09 17:14:57	8139	-81.12
1662736497	2022-09-09 17:14:57	28079	-83.04
1662736497	2022-09-09 17:14:57	31176	-87.04
1662736497	2022-09-09 17:14:57	38719	-82.07
1662736498	2022-09-09 17:14:58	8139	-81.45
1662736498	2022-09-09 17:14:58	28079	-80.93
1662736498	2022-09-09 17:14:58	31176	-86.07
1662736498	2022-09-09 17:14:58	38719	-82.63
1662736499	2022-09-09 17:14:59	8139	-81.51
1662736499	2022-09-09 17:14:59	28079	-81.47
1662736499	2022-09-09 17:14:59	31176	-87.41
1662736499	2022-09-09 17:14:59	38719	-83.09
1662736500	2022-09-09 17:15:00	8139	-81.74
1662736500	2022-09-09 17:15:00	28079	-81.77
1662736500	2022-09-09 17:15:00	31176	-86.19
1662736500	2022-09-09 17:15:00	38719	-83.09
1662736501	2022-09-09 17:15:01	8139	-82.05
1662736501	2022-09-09 17:15:01	28079	-81.45
1662736501	2022-09-09 17:15:01	31176	-87.02
1662736501	2022-09-09 17:15:01	38719	-82.37
1662736502	2022-09-09 17:15:02	8139	-81.35
1662736502	2022-09-09 17:15:02	28079	-82.25
1662736502	2022-09-09 17:15:02	31176	-85.97
1662736502	2022-09-09 17:15:02	38719	-82.03
1662736503	2022-09-09 17:15:03	8139	-81.19
1662736503	2022-09-09 17:15:03	28079	-81.79
1662736503	2022-09-09 17:15:03	31176	-86.29
1662736503	2022-09-09 17:15:03	38719	-82.86
1662736504	2022-09-09 17:15:04	8139	-82
1662736504	2022-09-09 17:15:04	28079	-81.25
1662736504	2022-09-09 17:15:04	31176	-87.05
1662736504	2022-09-09 17:15:04	38719	-81.8
1662736505	2022-09-09 17:15:05	8139	-81.45
1662736505	2022-09-09 17:15:05	28079	-81.57
1662736505	2022-09-09 17:15:05	31176	-86.49
1662736505	2022-09-09 17:15:05	38719	-82.25
1662736506	2022-09-09 17:15:06	8139	-82.02
1662736506	2022-09-09 17:15:06	28079	-81.81
1662736506	2022-09-09 17:15:06	31176	-87.72
1662736506	2022-09-09 17:15:06	38719	-82.8
1662736507	2022-09-09 17:15:07	8139	-81.49
1662736507	2022-09-09 17:15:07	28079	-81.83
1662736507	2022-09-09 17:15:07	31176	-86.89
1662736507	2022-09-09 17:15:07	38719	-83.57
1662736508	2022-09-09 17:15:08	8139	-81.69
1662736508	2022-09-09 17:15:08	28079	-81.27
1662736508	2022-09-09 17:15:08	31176	-87.38
1662736508	2022-09-09 17:15:08	38719	-83.29
1662736509	2022-09-09 17:15:09	8139	-81.74
1662736509	2022-09-09 17:15:09	28079	-81.62
1662736509	2022-09-09 17:15:09	31176	-86.99
1662736509	2022-09-09 17:15:09	38719	-82.99
1662736510	2022-09-09 17:15:10	8139	-81.36
1662736510	2022-09-09 17:15:10	28079	-80.88
1662736510	2022-09-09 17:15:10	31176	-86.96
1662736510	2022-09-09 17:15:10	38719	-82.67
1662736511	2022-09-09 17:15:11	8139	-81.67
1662736511	2022-09-09 17:15:11	28079	-80.98
1662736511	2022-09-09 17:15:11	31176	-86.59
1662736511	2022-09-09 17:15:11	38719	-83.2
1662736512	2022-09-09 17:15:12	8139	-81.27
1662736512	2022-09-09 17:15:12	28079	-81.25
1662736512	2022-09-09 17:15:12	31176	-87.55
1662736512	2022-09-09 17:15:12	38719	-82.97
1662736513	2022-09-09 17:15:13	8139	-81.24
1662736513	2022-09-09 17:15:13	28079	-81.1
1662736513	2022-09-09 17:15:13	31176	-87.03
1662736513	2022-09-09 17:15:13	38719	-83.04
1662736514	2022-09-09 17:15:14	8139	-81.45
1662736514	2022-09-09 17:15:14	28079	-81.51
1662736514	2022-09-09 17:15:14	31176	-86.76
1662736514	2022-09-09 17:15:14	38719	-83.68
1662736515	2022-09-09 17:15:15	8139	-81.38
1662736515	2022-09-09 17:15:15	28079	-81.57
1662736515	2022-09-09 17:15:15	31176	-86.9
1662736515	2022-09-09 17:15:15	38719	-83.09
1662736516	2022-09-09 17:15:16	8139	-81.5
1662736516	2022-09-09 17:15:16	28079	-81.83
1662736516	2022-09-09 17:15:16	31176	-87.24
1662736516	2022-09-09 17:15:16	38719	-82.89
1662736517	2022-09-09 17:15:17	8139	-81.32
1662736517	2022-09-09 17:15:17	28079	-81.98
1662736517	2022-09-09 17:15:17	31176	-87.51
1662736517	2022-09-09 17:15:17	38719	-83.3
1662736518	2022-09-09 17:15:18	8139	-81.19
1662736518	2022-09-09 17:15:18	28079	-81.5
1662736518	2022-09-09 17:15:18	31176	-86.99
1662736518	2022-09-09 17:15:18	38719	-82.61
1662736519	2022-09-09 17:15:19	8139	-91.01
1662736519	2022-09-09 17:15:19	28079	-81.91
1662736519	2022-09-09 17:15:19	31176	-87.89
1662736519	2022-09-09 17:15:19	38719	-82.94
1662736520	2022-09-09 17:15:20	8139	-81.45
1662736520	2022-09-09 17:15:20	28079	-82.03
1662736520	2022-09-09 17:15:20	31176	-87.32
1662736520	2022-09-09 17:15:20	38719	-83
1662736521	2022-09-09 17:15:21	8139	-81.34
1662736521	2022-09-09 17:15:21	28079	-81.36
1662736521	2022-09-09 17:15:21	31176	-87.56
1662736521	2022-09-09 17:15:21	38719	-83.23
1662736522	2022-09-09 17:15:22	8139	-81.71
1662736522	2022-09-09 17:15:22	28079	-81.52
1662736522	2022-09-09 17:15:22	31176	-87.22
1662736522	2022-09-09 17:15:22	38719	-82.7
1662736523	2022-09-09 17:15:23	8139	-81.3
1662736523	2022-09-09 17:15:23	28079	-81.91
1662736523	2022-09-09 17:15:23	31176	-87.89
1662736523	2022-09-09 17:15:23	38719	-82.67
1662736524	2022-09-09 17:15:24	8139	-81.46
1662736524	2022-09-09 17:15:24	28079	-81.52
1662736524	2022-09-09 17:15:24	31176	-87.32
1662736524	2022-09-09 17:15:24	38719	-82.61
1662736525	2022-09-09 17:15:25	8139	-81.26
1662736525	2022-09-09 17:15:25	28079	-82.03
1662736525	2022-09-09 17:15:25	31176	-87.54
1662736525	2022-09-09 17:15:25	38719	-83.6
1662736526	2022-09-09 17:15:26	8139	-81.46
1662736526	2022-09-09 17:15:26	28079	-81.82
1662736526	2022-09-09 17:15:26	31176	-87.23
1662736526	2022-09-09 17:15:26	38719	-82.8
1662736527	2022-09-09 17:15:27	8139	-81.85
1662736527	2022-09-09 17:15:27	28079	-81.65
1662736527	2022-09-09 17:15:27	31176	-87.2
1662736527	2022-09-09 17:15:27	38719	-83.11
1662736528	2022-09-09 17:15:28	8139	-81.62
1662736528	2022-09-09 17:15:28	28079	-81.61
1662736528	2022-09-09 17:15:28	31176	-87.89
1662736528	2022-09-09 17:15:28	38719	-83.07
1662736529	2022-09-09 17:15:29	8139	-81.64
1662736529	2022-09-09 17:15:29	28079	-82.14
1662736529	2022-09-09 17:15:29	31176	-86.68
1662736529	2022-09-09 17:15:29	38719	-83.57
1662736530	2022-09-09 17:15:30	8139	-81.85
1662736530	2022-09-09 17:15:30	28079	-81.85
1662736530	2022-09-09 17:15:30	31176	-86.54
1662736530	2022-09-09 17:15:30	38719	-82.94
1662736531	2022-09-09 17:15:31	8139	-81.4
1662736531	2022-09-09 17:15:31	28079	-81.63
1662736531	2022-09-09 17:15:31	31176	-86.5
1662736531	2022-09-09 17:15:31	38719	-82.65
1662736532	2022-09-09 17:15:32	8139	-81.13
1662736532	2022-09-09 17:15:32	28079	-81.6
1662736532	2022-09-09 17:15:32	31176	-86.59
1662736532	2022-09-09 17:15:32	38719	-82.33
