1662739834	2022-09-09 18:10:34	1662739834	87	679
1662739834	2022-09-09 18:10:34	1662739834	90	682
1662739835	2022-09-09 18:10:35	1662739835	109	686
1662739836	2022-09-09 18:10:36	1662739836	106	677
1662739837	2022-09-09 18:10:37	1662739837	107	672
1662739838	2022-09-09 18:10:38	1662739838	117	656
1662739840	2022-09-09 18:10:40	1662739840	86	652
1662739840	2022-09-09 18:10:40	1662739840	66	636
1662739841	2022-09-09 18:10:41	1662739841	55	621
1662739841	2022-09-09 18:10:41	1662739841	50	595
1662739842	2022-09-09 18:10:42	1662739842	44	568
1662739842	2022-09-09 18:10:42	1662739842	45	548
1662739843	2022-09-09 18:10:43	1662739843	44	534
1662739844	2022-09-09 18:10:44	1662739844	43	507
1662739845	2022-09-09 18:10:45	1662739845	41	491
1662739846	2022-09-09 18:10:46	1662739846	37	468
1662739847	2022-09-09 18:10:47	1662739847	42	443
1662739847	2022-09-09 18:10:47	1662739847	51	419
1662739849	2022-09-09 18:10:49	1662739849	55	399
1662739849	2022-09-09 18:10:49	1662739849	62	405
1662739850	2022-09-09 18:10:50	1662739850	68	405
1662739850	2022-09-09 18:10:50	1662739850	68	385
1662739851	2022-09-09 18:10:51	1662739851	70	365
1662739851	2022-09-09 18:10:51	1662739851	66	359
1662739852	2022-09-09 18:10:52	1662739852	61	347
1662739853	2022-09-09 18:10:53	1662739853	61	332
1662739853	2022-09-09 18:10:53	1662739853	65	293
1662739854	2022-09-09 18:10:54	1662739854	66	270
1662739854	2022-09-09 18:10:54	1662739854	65	251
1662739854	2022-09-09 18:10:54	1662739854	64	230
1662739855	2022-09-09 18:10:55	1662739855	62	190
1662739857	2022-09-09 18:10:57	1662739857	71	191
1662739857	2022-09-09 18:10:57	1662739857	77	203
1662739859	2022-09-09 18:10:59	1662739859	62	220
1662739860	2022-09-09 18:11:00	1662739860	66	235
1662739860	2022-09-09 18:11:00	1662739860	70	253
1662739860	2022-09-09 18:11:00	1662739860	70	265
1662739861	2022-09-09 18:11:01	1662739861	70	275
1662739861	2022-09-09 18:11:01	1662739861	70	284
1662739862	2022-09-09 18:11:02	1662739862	85	286
1662739863	2022-09-09 18:11:03	1662739863	99	288
1662739863	2022-09-09 18:11:03	1662739863	136	292
1662739864	2022-09-09 18:11:04	1662739864	139	295
1662739864	2022-09-09 18:11:04	1662739864	166	294
1662739865	2022-09-09 18:11:05	1662739865	253	271
1662739866	2022-09-09 18:11:06	1662739866	207	295
1662739867	2022-09-09 18:11:07	1662739867	214	294
1662739867	2022-09-09 18:11:07	1662739867	227	296
1662739868	2022-09-09 18:11:08	1662739868	236	300
1662739868	2022-09-09 18:11:08	1662739868	198	292
1662739869	2022-09-09 18:11:09	1662739869	190	281
1662739869	2022-09-09 18:11:09	1662739869	193	261
1662739870	2022-09-09 18:11:10	1662739870	203	247
1662739870	2022-09-09 18:11:10	1662739870	214	255
1662739871	2022-09-09 18:11:11	1662739871	230	255
1662739871	2022-09-09 18:11:11	1662739871	243	255
1662739872	2022-09-09 18:11:12	1662739872	258	255
1662739873	2022-09-09 18:11:13	1662739873	293	255
1662739874	2022-09-09 18:11:14	1662739874	322	233
1662739875	2022-09-09 18:11:15	1662739875	339	207
1662739877	2022-09-09 18:11:17	1662739877	311	210
1662739877	2022-09-09 18:11:17	1662739877	283	207
1662739878	2022-09-09 18:11:18	1662739878	262	207
1662739879	2022-09-09 18:11:19	1662739879	228	208
1662739880	2022-09-09 18:11:20	1662739880	214	211
1662739881	2022-09-09 18:11:21	1662739881	190	217
1662739882	2022-09-09 18:11:22	1662739882	191	231
1662739883	2022-09-09 18:11:23	1662739883	212	286
1662739884	2022-09-09 18:11:24	1662739884	226	314
1662739885	2022-09-09 18:11:25	1662739885	241	326
1662739885	2022-09-09 18:11:25	1662739885	257	343
1662739886	2022-09-09 18:11:26	1662739886	271	353
1662739887	2022-09-09 18:11:27	1662739887	279	367
1662739888	2022-09-09 18:11:28	1662739888	282	388
1662739889	2022-09-09 18:11:29	1662739889	282	411
1662739889	2022-09-09 18:11:29	1662739889	282	430
1662739890	2022-09-09 18:11:30	1662739890	282	447
1662739891	2022-09-09 18:11:31	1662739891	268	467
1662739892	2022-09-09 18:11:32	1662739892	253	504
1662739893	2022-09-09 18:11:33	1662739893	250	540
1662739894	2022-09-09 18:11:34	1662739894	270	540
1662739894	2022-09-09 18:11:34	1662739894	302	543
1662739895	2022-09-09 18:11:35	1662739895	326	543
1662739896	2022-09-09 18:11:36	1662739896	333	597
1662739897	2022-09-09 18:11:37	1662739897	331	626
1662739897	2022-09-09 18:11:37	1662739897	338	662
1662739898	2022-09-09 18:11:38	1662739898	334	687
1662739899	2022-09-09 18:11:39	1662739899	346	716
1662739901	2022-09-09 18:11:41	1662739901	304	679
1662739902	2022-09-09 18:11:42	1662739902	258	675
1662739904	2022-09-09 18:11:44	1662739904	257	647
1662739908	2022-09-09 18:11:48	1662739908	257	616
1662739910	2022-09-09 18:11:50	1662739910	259	592
1662739912	2022-09-09 18:11:52	1662739912	258	573
1662739913	2022-09-09 18:11:53	1662739913	258	528
1662739915	2022-09-09 18:11:55	1662739915	263	460
1662739916	2022-09-09 18:11:56	1662739916	219	487
1662739917	2022-09-09 18:11:57	1662739917	183	500
1662739918	2022-09-09 18:11:58	1662739918	146	503
1662739920	2022-09-09 18:12:00	1662739920	108	507
1662739922	2022-09-09 18:12:02	1662739922	85	523
1662739922	2022-09-09 18:12:02	1662739922	67	479
1662739923	2022-09-09 18:12:03	1662739923	80	433
1662739924	2022-09-09 18:12:04	1662739924	94	401
1662739925	2022-09-09 18:12:05	1662739925	92	375
1662739926	2022-09-09 18:12:06	1662739926	110	353
1662739927	2022-09-09 18:12:07	1662739927	137	343
1662739928	2022-09-09 18:12:08	1662739928	165	336
1662739929	2022-09-09 18:12:09	1662739929	187	335
1662739930	2022-09-09 18:12:10	1662739930	211	336
1662739931	2022-09-09 18:12:11	1662739931	226	339
1662739932	2022-09-09 18:12:12	1662739932	246	362
1662739933	2022-09-09 18:12:13	1662739933	252	387
1662739934	2022-09-09 18:12:14	1662739934	254	410
1662739935	2022-09-09 18:12:15	1662739935	255	436
1662739936	2022-09-09 18:12:16	1662739936	210	483
1662739937	2022-09-09 18:12:17	1662739937	152	488
1662739941	2022-09-09 18:12:21	1662739941	125	484
1662739942	2022-09-09 18:12:22	1662739942	104	471
1662739943	2022-09-09 18:12:23	1662739943	98	454
1662739944	2022-09-09 18:12:24	1662739944	96	432
1662739945	2022-09-09 18:12:25	1662739945	98	407
1662739946	2022-09-09 18:12:26	1662739946	109	385
1662739946	2022-09-09 18:12:26	1662739946	108	352
1662739947	2022-09-09 18:12:27	1662739947	107	308
1662739948	2022-09-09 18:12:28	1662739948	103	255
1662739949	2022-09-09 18:12:29	1662739949	102	223
1662739950	2022-09-09 18:12:30	1662739950	103	193
1662739951	2022-09-09 18:12:31	1662739951	56	195
1662739956	2022-09-09 18:12:36	1662739956	61	208
1662739957	2022-09-09 18:12:37	1662739957	59	230
1662739958	2022-09-09 18:12:38	1662739958	61	248
1662739958	2022-09-09 18:12:38	1662739958	79	282
1662739959	2022-09-09 18:12:39	1662739959	79	299
1662739960	2022-09-09 18:12:40	1662739960	85	323
1662739961	2022-09-09 18:12:41	1662739961	85	329
1662739962	2022-09-09 18:12:42	1662739962	81	351
1662739968	2022-09-09 18:12:48	1662739968	84	329
1662739969	2022-09-09 18:12:49	1662739969	82	235
1662739970	2022-09-09 18:12:50	1662739970	70	219
1662739975	2022-09-09 18:12:55	1662739975	71	218
1662739976	2022-09-09 18:12:56	1662739976	116	282
1662739977	2022-09-09 18:12:57	1662739977	155	296
1662739977	2022-09-09 18:12:57	1662739977	185	305
1662739978	2022-09-09 18:12:58	1662739978	211	310
1662739979	2022-09-09 18:12:59	1662739979	231	327
1662739985	2022-09-09 18:13:05	1662739985	236	359
1662739986	2022-09-09 18:13:06	1662739986	248	383
1662739987	2022-09-09 18:13:07	1662739987	253	419
1662739987	2022-09-09 18:13:07	1662739987	253	434
1662739988	2022-09-09 18:13:08	1662739988	230	450
1662739989	2022-09-09 18:13:09	1662739989	216	459
1662739989	2022-09-09 18:13:09	1662739989	172	492
1662739990	2022-09-09 18:13:10	1662739990	130	490
1662739992	2022-09-09 18:13:12	1662739992	116	486
1662739995	2022-09-09 18:13:15	1662739995	103	481
1662739995	2022-09-09 18:13:15	1662739995	102	491
1662739996	2022-09-09 18:13:16	1662739996	98	522
1662739997	2022-09-09 18:13:17	1662739997	104	534
1662739997	2022-09-09 18:13:17	1662739997	119	551
1662739998	2022-09-09 18:13:18	1662739998	121	559
1662739999	2022-09-09 18:13:19	1662739999	120	559
1662739999	2022-09-09 18:13:19	1662739999	118	564
1662740000	2022-09-09 18:13:20	1662740000	124	579
1662740000	2022-09-09 18:13:20	1662740000	124	592
1662740001	2022-09-09 18:13:21	1662740001	122	603
1662740001	2022-09-09 18:13:21	1662740001	119	621
1662740002	2022-09-09 18:13:22	1662740002	118	651
1662740003	2022-09-09 18:13:23	1662740003	101	670
1662740004	2022-09-09 18:13:24	1662740004	101	692
1662740004	2022-09-09 18:13:24	1662740004	106	736
1662740005	2022-09-09 18:13:25	1662740005	95	715
1662740008	2022-09-09 18:13:28	1662740008	117	699
1662740009	2022-09-09 18:13:29	1662740009	134	638
1662740010	2022-09-09 18:13:30	1662740010	137	619
1662740013	2022-09-09 18:13:33	1662740013	130	603
1662740014	2022-09-09 18:13:34	1662740014	130	603
1662740019	2022-09-09 18:13:39	1662740019	130	647
1662740019	2022-09-09 18:13:39	1662740019	128	656
1662740020	2022-09-09 18:13:40	1662740020	134	558
1662740020	2022-09-09 18:13:40	1662740020	134	556
1662740021	2022-09-09 18:13:41	1662740021	121	546
1662740023	2022-09-09 18:13:43	1662740023	112	546
1662740024	2022-09-09 18:13:44	1662740024	100	537
1662740027	2022-09-09 18:13:47	1662740027	102	522
1662740028	2022-09-09 18:13:48	1662740028	95	508
1662740029	2022-09-09 18:13:49	1662740029	90	490
1662740030	2022-09-09 18:13:50	1662740030	89	478
1662740031	2022-09-09 18:13:51	1662740031	101	448
1662740032	2022-09-09 18:13:52	1662740032	103	437
1662740033	2022-09-09 18:13:53	1662740033	117	446
1662740036	2022-09-09 18:13:56	1662740036	110	436
1662740036	2022-09-09 18:13:56	1662740036	109	423
1662740037	2022-09-09 18:13:57	1662740037	106	416
1662740037	2022-09-09 18:13:57	1662740037	104	412
1662740038	2022-09-09 18:13:58	1662740038	103	403
1662740038	2022-09-09 18:13:58	1662740038	105	399
1662740039	2022-09-09 18:13:59	1662740039	104	392
1662740040	2022-09-09 18:14:00	1662740040	111	364
1662740040	2022-09-09 18:14:00	1662740040	108	351
1662740041	2022-09-09 18:14:01	1662740041	102	335
1662740041	2022-09-09 18:14:01	1662740041	102	307
1662740041	2022-09-09 18:14:01	1662740041	104	287
1662740042	2022-09-09 18:14:02	1662740042	99	254
1662740043	2022-09-09 18:14:03	1662740043	99	254
1662740043	2022-09-09 18:14:03	1662740043	86	218
1662740044	2022-09-09 18:14:04	1662740044	78	203
1662740045	2022-09-09 18:14:05	1662740045	73	215
1662740045	2022-09-09 18:14:05	1662740045	71	233
1662740061	2022-09-09 18:14:21	1662740061	82	235
1662740062	2022-09-09 18:14:22	1662740062	118	275
1662740062	2022-09-09 18:14:22	1662740062	166	318
1662740063	2022-09-09 18:14:23	1662740063	182	309
1662740064	2022-09-09 18:14:24	1662740064	217	307
1662740065	2022-09-09 18:14:25	1662740065	238	322
1662740065	2022-09-09 18:14:25	1662740065	242	337
1662740067	2022-09-09 18:14:27	1662740067	254	327
1662740069	2022-09-09 18:14:29	1662740069	274	325
1662740070	2022-09-09 18:14:30	1662740070	277	355
1662740071	2022-09-09 18:14:31	1662740071	277	363
1662740072	2022-09-09 18:14:32	1662740072	277	382
1662740072	2022-09-09 18:14:32	1662740072	278	390
1662740074	2022-09-09 18:14:34	1662740074	288	428
1662740074	2022-09-09 18:14:34	1662740074	283	464
1662740078	2022-09-09 18:14:38	1662740078	251	487
1662740079	2022-09-09 18:14:39	1662740079	174	487
1662740080	2022-09-09 18:14:40	1662740080	130	488
1662740082	2022-09-09 18:14:42	1662740082	156	493
1662740082	2022-09-09 18:14:42	1662740082	193	492
1662740083	2022-09-09 18:14:43	1662740083	229	489
1662740084	2022-09-09 18:14:44	1662740084	257	463
1662740085	2022-09-09 18:14:45	1662740085	268	416
1662740086	2022-09-09 18:14:46	1662740086	236	390
1662740087	2022-09-09 18:14:47	1662740087	208	361
1662740088	2022-09-09 18:14:48	1662740088	178	353
1662740090	2022-09-09 18:14:50	1662740090	152	355
1662740091	2022-09-09 18:14:51	1662740091	134	372
1662740092	2022-09-09 18:14:52	1662740092	112	372
1662740093	2022-09-09 18:14:53	1662740093	95	351
1662740093	2022-09-09 18:14:53	1662740093	83	299
1662740094	2022-09-09 18:14:54	1662740094	81	262
1662740095	2022-09-09 18:14:55	1662740095	65	235
1662740097	2022-09-09 18:14:57	1662740097	65	263
1662740098	2022-09-09 18:14:58	1662740098	70	214
1662740099	2022-09-09 18:14:59	1662740099	102	215
1662740100	2022-09-09 18:15:00	1662740100	114	228
1662740102	2022-09-09 18:15:02	1662740102	126	249
1662740103	2022-09-09 18:15:03	1662740103	138	259
1662740103	2022-09-09 18:15:03	1662740103	165	274
1662740104	2022-09-09 18:15:04	1662740104	196	297
1662740105	2022-09-09 18:15:05	1662740105	218	321
1662740106	2022-09-09 18:15:06	1662740106	232	339
1662740106	2022-09-09 18:15:06	1662740106	245	366
1662740107	2022-09-09 18:15:07	1662740107	251	389
1662740108	2022-09-09 18:15:08	1662740108	255	406
1662740109	2022-09-09 18:15:09	1662740109	258	426
1662740110	2022-09-09 18:15:10	1662740110	255	456
1662740111	2022-09-09 18:15:11	1662740111	253	502
1662740111	2022-09-09 18:15:11	1662740111	253	529
1662740112	2022-09-09 18:15:12	1662740112	253	557
1662740113	2022-09-09 18:15:13	1662740113	258	597
1662740114	2022-09-09 18:15:14	1662740114	259	620
1662740116	2022-09-09 18:15:16	1662740116	284	608
1662740117	2022-09-09 18:15:17	1662740117	311	607
1662740118	2022-09-09 18:15:18	1662740118	324	631
1662740119	2022-09-09 18:15:19	1662740119	321	659
1662740119	2022-09-09 18:15:19	1662740119	304	673
1662740120	2022-09-09 18:15:20	1662740120	275	681
1662740122	2022-09-09 18:15:22	1662740122	295	699
1662740123	2022-09-09 18:15:23	1662740123	325	712
1662740124	2022-09-09 18:15:24	1662740124	297	712
1662740124	2022-09-09 18:15:24	1662740124	265	712
1662740125	2022-09-09 18:15:25	1662740125	238	714
1662740126	2022-09-09 18:15:26	1662740126	262	683
1662740127	2022-09-09 18:15:27	1662740127	276	650
1662740128	2022-09-09 18:15:28	1662740128	274	630
1662740131	2022-09-09 18:15:31	1662740131	314	669
1662740131	2022-09-09 18:15:31	1662740131	342	695
1662740135	2022-09-09 18:15:35	1662740135	329	658
1662740136	2022-09-09 18:15:36	1662740136	330	638
1662740137	2022-09-09 18:15:37	1662740137	333	609
1662740138	2022-09-09 18:15:38	1662740138	330	571
1662740141	2022-09-09 18:15:41	1662740141	285	602
1662740142	2022-09-09 18:15:42	1662740142	282	571
1662740144	2022-09-09 18:15:44	1662740144	276	561
1662740144	2022-09-09 18:15:44	1662740144	260	513
1662740145	2022-09-09 18:15:45	1662740145	260	507
1662740147	2022-09-09 18:15:47	1662740147	257	477
1662740148	2022-09-09 18:15:48	1662740148	257	470
1662740152	2022-09-09 18:15:52	1662740152	189	492
1662740153	2022-09-09 18:15:53	1662740153	126	495
1662740186	2022-09-09 18:16:26	1662740186	144	506
1662740188	2022-09-09 18:16:28	1662740188	136	506
1662740189	2022-09-09 18:16:29	1662740189	128	487
1662740189	2022-09-09 18:16:29	1662740189	112	474
1662740189	2022-09-09 18:16:29	1662740189	111	462
1662740190	2022-09-09 18:16:30	1662740190	106	445
1662740190	2022-09-09 18:16:30	1662740190	93	435
1662740191	2022-09-09 18:16:31	1662740191	89	415
1662740192	2022-09-09 18:16:32	1662740192	86	391
1662740194	2022-09-09 18:16:34	1662740194	90	368
1662740195	2022-09-09 18:16:35	1662740195	90	358
1662740196	2022-09-09 18:16:36	1662740196	92	358
1662740197	2022-09-09 18:16:37	1662740197	94	350
1662740198	2022-09-09 18:16:38	1662740198	98	348
1662740199	2022-09-09 18:16:39	1662740199	134	333
1662740200	2022-09-09 18:16:40	1662740200	155	331
1662740200	2022-09-09 18:16:40	1662740200	159	331
1662740201	2022-09-09 18:16:41	1662740201	170	331
1662740202	2022-09-09 18:16:42	1662740202	185	331
1662740203	2022-09-09 18:16:43	1662740203	204	336
1662740203	2022-09-09 18:16:43	1662740203	232	355
1662740204	2022-09-09 18:16:44	1662740204	248	408
1662740205	2022-09-09 18:16:45	1662740205	237	448
1662740206	2022-09-09 18:16:46	1662740206	171	481
1662740207	2022-09-09 18:16:47	1662740207	120	472
1662740208	2022-09-09 18:16:48	1662740208	81	490
1662740208	2022-09-09 18:16:48	1662740208	70	531
1662740209	2022-09-09 18:16:49	1662740209	71	558
1662740210	2022-09-09 18:16:50	1662740210	79	577
1662740211	2022-09-09 18:16:51	1662740211	82	597
1662740211	2022-09-09 18:16:51	1662740211	82	628
1662740212	2022-09-09 18:16:52	1662740212	82	645
1662740213	2022-09-09 18:16:53	1662740213	76	666
1662740214	2022-09-09 18:16:54	1662740214	65	711
1662740215	2022-09-09 18:16:55	1662740215	65	729
1662740216	2022-09-09 18:16:56	1662740216	56	700
1662740217	2022-09-09 18:16:57	1662740217	55	677
1662740220	2022-09-09 18:17:00	1662740220	55	664
1662740221	2022-09-09 18:17:01	1662740221	62	648
1662740222	2022-09-09 18:17:02	1662740222	73	627
1662740223	2022-09-09 18:17:03	1662740223	73	620
1662740223	2022-09-09 18:17:03	1662740223	72	609
1662740224	2022-09-09 18:17:04	1662740224	71	597
1662740224	2022-09-09 18:17:04	1662740224	68	573
1662740225	2022-09-09 18:17:05	1662740225	64	567
1662740226	2022-09-09 18:17:06	1662740226	56	590
1662740227	2022-09-09 18:17:07	1662740227	55	629
1662740227	2022-09-09 18:17:07	1662740227	56	639
1662740228	2022-09-09 18:17:08	1662740228	60	644
1662740228	2022-09-09 18:17:08	1662740228	70	647
1662740229	2022-09-09 18:17:09	1662740229	74	659
1662740229	2022-09-09 18:17:09	1662740229	67	675
1662740230	2022-09-09 18:17:10	1662740230	70	683
1662740230	2022-09-09 18:17:10	1662740230	86	683
1662740231	2022-09-09 18:17:11	1662740231	102	675
1662740231	2022-09-09 18:17:11	1662740231	91	690
1662740232	2022-09-09 18:17:12	1662740232	78	711
1662740232	2022-09-09 18:17:12	1662740232	82	711
1662740234	2022-09-09 18:17:14	1662740234	93	691
1662740236	2022-09-09 18:17:16	1662740236	94	687
1662740236	2022-09-09 18:17:16	1662740236	100	679
1662740237	2022-09-09 18:17:17	1662740237	101	673
1662740238	2022-09-09 18:17:18	1662740238	99	673
1662740238	2022-09-09 18:17:18	1662740238	96	667
1662740239	2022-09-09 18:17:19	1662740239	96	647
1662740239	2022-09-09 18:17:19	1662740239	96	639
1662740239	2022-09-09 18:17:19	1662740239	96	631
1662740240	2022-09-09 18:17:20	1662740240	96	620
1662740240	2022-09-09 18:17:20	1662740240	95	614
1662740241	2022-09-09 18:17:21	1662740241	91	602
1662740241	2022-09-09 18:17:21	1662740241	89	582
1662740243	2022-09-09 18:17:23	1662740243	89	561
1662740243	2022-09-09 18:17:23	1662740243	105	484
1662740244	2022-09-09 18:17:24	1662740244	104	474
1662740245	2022-09-09 18:17:25	1662740245	93	531
1662740247	2022-09-09 18:17:27	1662740247	97	503
1662740247	2022-09-09 18:17:27	1662740247	98	495
1662740248	2022-09-09 18:17:28	1662740248	100	477
1662740249	2022-09-09 18:17:29	1662740249	101	531
1662740249	2022-09-09 18:17:29	1662740249	101	531
1662740250	2022-09-09 18:17:30	1662740250	110	475
1662740250	2022-09-09 18:17:30	1662740250	108	459
1662740251	2022-09-09 18:17:31	1662740251	95	459
1662740252	2022-09-09 18:17:32	1662740252	82	454
1662740253	2022-09-09 18:17:33	1662740253	78	443
1662740253	2022-09-09 18:17:33	1662740253	74	431
1662740253	2022-09-09 18:17:33	1662740253	74	425
1662740254	2022-09-09 18:17:34	1662740254	80	407
1662740255	2022-09-09 18:17:35	1662740255	78	396
1662740255	2022-09-09 18:17:35	1662740255	76	371
1662740255	2022-09-09 18:17:35	1662740255	74	363
1662740256	2022-09-09 18:17:36	1662740256	73	347
1662740257	2022-09-09 18:17:37	1662740257	106	321
1662740257	2022-09-09 18:17:37	1662740257	118	316
1662740258	2022-09-09 18:17:38	1662740258	135	312
1662740259	2022-09-09 18:17:39	1662740259	186	297
1662740259	2022-09-09 18:17:39	1662740259	186	297
1662740260	2022-09-09 18:17:40	1662740260	186	281
1662740261	2022-09-09 18:17:41	1662740261	208	232
1662740262	2022-09-09 18:17:42	1662740262	230	231
1662740263	2022-09-09 18:17:43	1662740263	238	231
1662740264	2022-09-09 18:17:44	1662740264	244	225
1662740264	2022-09-09 18:17:44	1662740264	253	233
1662740265	2022-09-09 18:17:45	1662740265	277	235
1662740266	2022-09-09 18:17:46	1662740266	297	236
1662740268	2022-09-09 18:17:48	1662740268	288	234
1662740268	2022-09-09 18:17:48	1662740268	281	235
1662740269	2022-09-09 18:17:49	1662740269	257	237
1662740269	2022-09-09 18:17:49	1662740269	215	246
1662740269	2022-09-09 18:17:49	1662740269	198	259
1662740270	2022-09-09 18:17:50	1662740270	186	278
1662740270	2022-09-09 18:17:50	1662740270	201	287
1662740271	2022-09-09 18:17:51	1662740271	199	287
1662740271	2022-09-09 18:17:51	1662740271	228	296
1662740271	2022-09-09 18:17:51	1662740271	256	310
1662740272	2022-09-09 18:17:52	1662740272	262	325
1662740272	2022-09-09 18:17:52	1662740272	262	386
1662740272	2022-09-09 18:17:52	1662740272	260	422
1662740273	2022-09-09 18:17:53	1662740273	259	431
1662740273	2022-09-09 18:17:53	1662740273	255	464
1662740274	2022-09-09 18:17:54	1662740274	255	464
1662740274	2022-09-09 18:17:54	1662740274	257	484
1662740274	2022-09-09 18:17:54	1662740274	246	505
1662740275	2022-09-09 18:17:55	1662740275	234	498
1662740275	2022-09-09 18:17:55	1662740275	214	501
1662740276	2022-09-09 18:17:56	1662740276	193	502
1662740276	2022-09-09 18:17:56	1662740276	156	503
1662740276	2022-09-09 18:17:56	1662740276	156	503
1662740277	2022-09-09 18:17:57	1662740277	156	503
1662740277	2022-09-09 18:17:57	1662740277	144	503
1662740278	2022-09-09 18:17:58	1662740278	134	511
1662740278	2022-09-09 18:17:58	1662740278	130	513
1662740278	2022-09-09 18:17:58	1662740278	120	515
1662740279	2022-09-09 18:17:59	1662740279	107	517
1662740279	2022-09-09 18:17:59	1662740279	106	518
1662740279	2022-09-09 18:17:59	1662740279	87	518
1662740280	2022-09-09 18:18:00	1662740280	78	520
1662740280	2022-09-09 18:18:00	1662740280	78	526
1662740281	2022-09-09 18:18:01	1662740281	80	533
1662740281	2022-09-09 18:18:01	1662740281	82	559
1662740282	2022-09-09 18:18:02	1662740282	82	559
1662740282	2022-09-09 18:18:02	1662740282	78	591
1662740282	2022-09-09 18:18:02	1662740282	79	602
1662740283	2022-09-09 18:18:03	1662740283	87	634
1662740283	2022-09-09 18:18:03	1662740283	102	645
1662740284	2022-09-09 18:18:04	1662740284	130	653
1662740285	2022-09-09 18:18:05	1662740285	130	652
1662740285	2022-09-09 18:18:05	1662740285	98	652
1662740285	2022-09-09 18:18:05	1662740285	91	647
1662740286	2022-09-09 18:18:06	1662740286	78	629
1662740286	2022-09-09 18:18:06	1662740286	73	603
1662740286	2022-09-09 18:18:06	1662740286	70	587
1662740287	2022-09-09 18:18:07	1662740287	69	576
1662740292	2022-09-09 18:18:12	1662740292	96	544
1662740293	2022-09-09 18:18:13	1662740293	83	514
1662740293	2022-09-09 18:18:13	1662740293	83	514
1662740294	2022-09-09 18:18:14	1662740294	77	436
1662740294	2022-09-09 18:18:14	1662740294	80	407
1662740294	2022-09-09 18:18:14	1662740294	82	371
1662740295	2022-09-09 18:18:15	1662740295	82	371
1662740296	2022-09-09 18:18:16	1662740296	82	362
1662740296	2022-09-09 18:18:16	1662740296	81	353
1662740299	2022-09-09 18:18:19	1662740299	77	346
1662740300	2022-09-09 18:18:20	1662740300	77	355
1662740300	2022-09-09 18:18:20	1662740300	82	373
1662740301	2022-09-09 18:18:21	1662740301	112	427
1662740304	2022-09-09 18:18:24	1662740304	113	439
1662740307	2022-09-09 18:18:27	1662740307	91	487
1662740308	2022-09-09 18:18:28	1662740308	105	485
1662740308	2022-09-09 18:18:28	1662740308	153	499
1662740309	2022-09-09 18:18:29	1662740309	199	501
1662740310	2022-09-09 18:18:30	1662740310	220	498
1662740314	2022-09-09 18:18:34	1662740314	233	495
1662740315	2022-09-09 18:18:35	1662740315	233	495
1662740315	2022-09-09 18:18:35	1662740315	238	481
1662740316	2022-09-09 18:18:36	1662740316	245	424
1662740316	2022-09-09 18:18:36	1662740316	242	415
1662740317	2022-09-09 18:18:37	1662740317	238	395
1662740318	2022-09-09 18:18:38	1662740318	235	378
1662740319	2022-09-09 18:18:39	1662740319	250	478
1662740320	2022-09-09 18:18:40	1662740320	264	488
1662740320	2022-09-09 18:18:40	1662740320	294	488
1662740321	2022-09-09 18:18:41	1662740321	318	469
1662740322	2022-09-09 18:18:42	1662740322	319	447
1662740323	2022-09-09 18:18:43	1662740323	330	426
1662740324	2022-09-09 18:18:44	1662740324	330	399
1662740330	2022-09-09 18:18:50	1662740330	263	507
1662740331	2022-09-09 18:18:51	1662740331	211	500
1662740331	2022-09-09 18:18:51	1662740331	190	493
1662740331	2022-09-09 18:18:51	1662740331	157	475
1662740333	2022-09-09 18:18:53	1662740333	131	466
1662740333	2022-09-09 18:18:53	1662740333	131	466
1662740343	2022-09-09 18:19:03	1662740343	120	456
1662740344	2022-09-09 18:19:04	1662740344	110	447
1662740344	2022-09-09 18:19:04	1662740344	103	440
1662740345	2022-09-09 18:19:05	1662740345	95	425
1662740346	2022-09-09 18:19:06	1662740346	95	413
1662740346	2022-09-09 18:19:06	1662740346	95	407
1662740346	2022-09-09 18:19:06	1662740346	96	396
1662740347	2022-09-09 18:19:07	1662740347	98	370
1662740347	2022-09-09 18:19:07	1662740347	98	355
1662740348	2022-09-09 18:19:08	1662740348	98	340
1662740349	2022-09-09 18:19:09	1662740349	96	323
1662740350	2022-09-09 18:19:10	1662740350	102	321
1662740350	2022-09-09 18:19:10	1662740350	115	324
1662740351	2022-09-09 18:19:11	1662740351	125	327
1662740353	2022-09-09 18:19:13	1662740353	150	320
1662740353	2022-09-09 18:19:13	1662740353	150	320
1662740354	2022-09-09 18:19:14	1662740354	174	294
1662740355	2022-09-09 18:19:15	1662740355	169	293
1662740356	2022-09-09 18:19:16	1662740356	169	293
1662740356	2022-09-09 18:19:16	1662740356	142	266
1662740357	2022-09-09 18:19:17	1662740357	124	243
1662740357	2022-09-09 18:19:17	1662740357	102	217
1662740358	2022-09-09 18:19:18	1662740358	98	225
1662740362	2022-09-09 18:19:22	1662740362	104	241
1662740362	2022-09-09 18:19:22	1662740362	104	255
1662740363	2022-09-09 18:19:23	1662740363	94	367
1662740363	2022-09-09 18:19:23	1662740363	98	377
1662740365	2022-09-09 18:19:25	1662740365	113	415
1662740365	2022-09-09 18:19:25	1662740365	116	425
1662740366	2022-09-09 18:19:26	1662740366	118	437
1662740366	2022-09-09 18:19:26	1662740366	121	454
1662740368	2022-09-09 18:19:28	1662740368	130	479
1662740370	2022-09-09 18:19:30	1662740370	130	483
1662740370	2022-09-09 18:19:30	1662740370	128	488
1662740371	2022-09-09 18:19:31	1662740371	134	495
1662740372	2022-09-09 18:19:32	1662740372	173	496
1662740373	2022-09-09 18:19:33	1662740373	195	495
1662740373	2022-09-09 18:19:33	1662740373	224	491
1662740374	2022-09-09 18:19:34	1662740374	234	491
1662740375	2022-09-09 18:19:35	1662740375	242	495
1662740376	2022-09-09 18:19:36	1662740376	255	521
1662740376	2022-09-09 18:19:36	1662740376	256	532
1662740376	2022-09-09 18:19:36	1662740376	259	547
1662740377	2022-09-09 18:19:37	1662740377	262	558
1662740377	2022-09-09 18:19:37	1662740377	266	564
1662740378	2022-09-09 18:19:38	1662740378	273	575
1662740378	2022-09-09 18:19:38	1662740378	279	585
1662740381	2022-09-09 18:19:41	1662740381	283	597
1662740381	2022-09-09 18:19:41	1662740381	284	597
1662740382	2022-09-09 18:19:42	1662740382	290	595
1662740382	2022-09-09 18:19:42	1662740382	310	593
1662740383	2022-09-09 18:19:43	1662740383	314	593
1662740383	2022-09-09 18:19:43	1662740383	321	593
1662740384	2022-09-09 18:19:44	1662740384	336	602
1662740384	2022-09-09 18:19:44	1662740384	338	612
1662740384	2022-09-09 18:19:44	1662740384	338	625
1662740385	2022-09-09 18:19:45	1662740385	338	628
1662740385	2022-09-09 18:19:45	1662740385	341	647
1662740386	2022-09-09 18:19:46	1662740386	341	647
1662740386	2022-09-09 18:19:46	1662740386	342	660
1662740387	2022-09-09 18:19:47	1662740387	342	660
1662740387	2022-09-09 18:19:47	1662740387	335	677
1662740388	2022-09-09 18:19:48	1662740388	335	677
1662740388	2022-09-09 18:19:48	1662740388	335	688
1662740389	2022-09-09 18:19:49	1662740389	330	715
1662740390	2022-09-09 18:19:50	1662740390	333	704
1662740390	2022-09-09 18:19:50	1662740390	333	697
1662740391	2022-09-09 18:19:51	1662740391	338	658
1662740391	2022-09-09 18:19:51	1662740391	335	644
1662740392	2022-09-09 18:19:52	1662740392	333	627
1662740392	2022-09-09 18:19:52	1662740392	330	615
1662740393	2022-09-09 18:19:53	1662740393	317	603
1662740393	2022-09-09 18:19:53	1662740393	303	597
1662740394	2022-09-09 18:19:54	1662740394	278	591
1662740394	2022-09-09 18:19:54	1662740394	268	586
1662740395	2022-09-09 18:19:55	1662740395	240	532
1662740396	2022-09-09 18:19:56	1662740396	238	505
1662740397	2022-09-09 18:19:57	1662740397	234	489
1662740398	2022-09-09 18:19:58	1662740398	234	467
1662740399	2022-09-09 18:19:59	1662740399	240	449
1662740400	2022-09-09 18:20:00	1662740400	242	427
1662740401	2022-09-09 18:20:01	1662740401	243	410
1662740402	2022-09-09 18:20:02	1662740402	242	394
1662740402	2022-09-09 18:20:02	1662740402	242	369
1662740403	2022-09-09 18:20:03	1662740403	239	353
1662740404	2022-09-09 18:20:04	1662740404	234	319
1662740404	2022-09-09 18:20:04	1662740404	226	310
1662740404	2022-09-09 18:20:04	1662740404	219	299
1662740405	2022-09-09 18:20:05	1662740405	215	291
1662740405	2022-09-09 18:20:05	1662740405	203	279
1662740406	2022-09-09 18:20:06	1662740406	194	268
1662740408	2022-09-09 18:20:08	1662740408	189	259
1662740408	2022-09-09 18:20:08	1662740408	169	287
1662740409	2022-09-09 18:20:09	1662740409	167	287
1662740409	2022-09-09 18:20:09	1662740409	142	283
1662740409	2022-09-09 18:20:09	1662740409	134	274
1662740410	2022-09-09 18:20:10	1662740410	125	231
1662740410	2022-09-09 18:20:10	1662740410	131	223
1662740411	2022-09-09 18:20:11	1662740411	109	213
1662740411	2022-09-09 18:20:11	1662740411	82	219
1662740412	2022-09-09 18:20:12	1662740412	66	222
1662740412	2022-09-09 18:20:12	1662740412	62	227
1662740413	2022-09-09 18:20:13	1662740413	86	259
1662740413	2022-09-09 18:20:13	1662740413	100	273
1662740414	2022-09-09 18:20:14	1662740414	106	277
1662740414	2022-09-09 18:20:14	1662740414	110	281
1662740415	2022-09-09 18:20:15	1662740415	118	281
1662740415	2022-09-09 18:20:15	1662740415	141	279
1662740416	2022-09-09 18:20:16	1662740416	171	285
1662740416	2022-09-09 18:20:16	1662740416	182	294
1662740417	2022-09-09 18:20:17	1662740417	184	281
1662740418	2022-09-09 18:20:18	1662740418	184	277
1662740419	2022-09-09 18:20:19	1662740419	202	282
1662740419	2022-09-09 18:20:19	1662740419	258	312
1662740420	2022-09-09 18:20:20	1662740420	272	338
1662740420	2022-09-09 18:20:20	1662740420	274	346
1662740420	2022-09-09 18:20:20	1662740420	274	346
1662740421	2022-09-09 18:20:21	1662740421	274	373
1662740422	2022-09-09 18:20:22	1662740422	273	390
1662740422	2022-09-09 18:20:22	1662740422	279	416
1662740423	2022-09-09 18:20:23	1662740423	282	449
1662740424	2022-09-09 18:20:24	1662740424	283	452
1662740425	2022-09-09 18:20:25	1662740425	280	507
1662740426	2022-09-09 18:20:26	1662740426	275	501
1662740426	2022-09-09 18:20:26	1662740426	274	501
1662740427	2022-09-09 18:20:27	1662740427	192	506
1662740427	2022-09-09 18:20:27	1662740427	188	505
1662740428	2022-09-09 18:20:28	1662740428	167	500
1662740428	2022-09-09 18:20:28	1662740428	156	500
1662740429	2022-09-09 18:20:29	1662740429	133	499
1662740429	2022-09-09 18:20:29	1662740429	117	499
1662740430	2022-09-09 18:20:30	1662740430	95	501
1662740430	2022-09-09 18:20:30	1662740430	90	501
1662740432	2022-09-09 18:20:32	1662740432	89	501
1662740432	2022-09-09 18:20:32	1662740432	82	467
1662740433	2022-09-09 18:20:33	1662740433	82	427
1662740434	2022-09-09 18:20:34	1662740434	84	415
1662740434	2022-09-09 18:20:34	1662740434	89	388
1662740435	2022-09-09 18:20:35	1662740435	89	367
1662740435	2022-09-09 18:20:35	1662740435	98	318
1662740436	2022-09-09 18:20:36	1662740436	108	275
1662740436	2022-09-09 18:20:36	1662740436	114	255
1662740437	2022-09-09 18:20:37	1662740437	143	262
1662740438	2022-09-09 18:20:38	1662740438	158	268
1662740438	2022-09-09 18:20:38	1662740438	182	243
1662740439	2022-09-09 18:20:39	1662740439	179	241
1662740440	2022-09-09 18:20:40	1662740440	179	227
1662740440	2022-09-09 18:20:40	1662740440	186	230
1662740441	2022-09-09 18:20:41	1662740441	196	234
1662740442	2022-09-09 18:20:42	1662740442	271	239
1662740442	2022-09-09 18:20:42	1662740442	286	242
1662740443	2022-09-09 18:20:43	1662740443	315	243
1662740443	2022-09-09 18:20:43	1662740443	321	247
1662740444	2022-09-09 18:20:44	1662740444	290	251
1662740444	2022-09-09 18:20:44	1662740444	273	255
1662740445	2022-09-09 18:20:45	1662740445	253	255
1662740445	2022-09-09 18:20:45	1662740445	235	255
1662740446	2022-09-09 18:20:46	1662740446	218	255
1662740446	2022-09-09 18:20:46	1662740446	205	263
1662740446	2022-09-09 18:20:46	1662740446	200	285
1662740448	2022-09-09 18:20:48	1662740448	206	300
1662740448	2022-09-09 18:20:48	1662740448	213	306
1662740449	2022-09-09 18:20:49	1662740449	217	310
1662740449	2022-09-09 18:20:49	1662740449	221	313
1662740450	2022-09-09 18:20:50	1662740450	243	332
1662740451	2022-09-09 18:20:51	1662740451	242	343
1662740451	2022-09-09 18:20:51	1662740451	243	350
1662740452	2022-09-09 18:20:52	1662740452	246	377
1662740453	2022-09-09 18:20:53	1662740453	249	381
1662740453	2022-09-09 18:20:53	1662740453	250	399
1662740454	2022-09-09 18:20:54	1662740454	254	409
1662740455	2022-09-09 18:20:55	1662740455	256	410
1662740455	2022-09-09 18:20:55	1662740455	256	413
1662740456	2022-09-09 18:20:56	1662740456	255	415
1662740457	2022-09-09 18:20:57	1662740457	253	431
1662740457	2022-09-09 18:20:57	1662740457	253	439
1662740457	2022-09-09 18:20:57	1662740457	250	470
1662740458	2022-09-09 18:20:58	1662740458	253	506
1662740459	2022-09-09 18:20:59	1662740459	255	529
1662740459	2022-09-09 18:20:59	1662740459	261	563
1662740460	2022-09-09 18:21:00	1662740460	261	565
1662740461	2022-09-09 18:21:01	1662740461	261	579
1662740461	2022-09-09 18:21:01	1662740461	258	603
1662740463	2022-09-09 18:21:03	1662740463	271	616
1662740464	2022-09-09 18:21:04	1662740464	262	551
1662740465	2022-09-09 18:21:05	1662740465	257	520
1662740467	2022-09-09 18:21:07	1662740467	243	467
1662740467	2022-09-09 18:21:07	1662740467	243	459
1662740468	2022-09-09 18:21:08	1662740468	242	440
